15,82;1049714450020;5 MG/ML SOL OFT CT FR GOT PLAS OPC X 10 ML;Negativa;Tarja Sem Tarja
61,21;1049714460034;10 MG CAP MOLE CT BL AL/AL X 30;Positiva;Tarja Vermelha sob restrio
154,38;1049714460093;20 MG CAP MOLE CT BL AL/AL X 30;Positiva;Tarja Vermelha sob restrio
47,84;1049714470048;20 MG/ML SOL INJ CT 5 FA VD TRANS X 5 ML;Positiva;Tarja Vermelha
95,68;1049714470064;20 MG/ML SOL INJ CT 10 FA VD TRANS X 5 ML;Positiva;Tarja Vermelha
73,33;1049714480043;5 MG/ ML SOL INJ CX 10 AMP VD TRANS X 4 ML;Positiva;Tarja Vermelha
68,82;1049714480061;5 MG/ ML SOL INJ CX 5 FA VD TRANS X 20 ML;Positiva;Tarja Vermelha
160,67;1049714490030;10MG/ML EMU INJ CT 5 FA VD TRANS X 10 ML;Positiva;Tarja Vermelha sob restrio
195,32;1049714490049;10MG/ML EMU INJ CT 5 FA VD TRANS X 20 ML;Positiva;Tarja Vermelha sob restrio
88,03;1049714490057;10MG/ML EMU INJ CT FA VD TRANS X 50 ML;Positiva;Tarja Vermelha sob restrio
440,22;1049714490065;10MG/ML EMU INJ CT 5 FA VD TRANS X 50 ML;Positiva;Tarja Vermelha sob restrio
192,22;1049714490073;10MG/ML EMU INJ CT FA VD TRANS X 100 ML;Positiva;Tarja Vermelha sob restrio
12,77;1049714500011;25 MG/ML SOL INJ IM CX 10 AMP VD TRANS X 3 ML;Positiva;Tarja Vermelha
9,22;1049714510015;(10,0 + 250,0) MG COM REV CT BL AL PLAS PVC TRANS X 20;Negativa;Tarja Sem Tarja
45,26;1049714510023;(10,0 + 250,0) MG COM REV CT BL AL PLAS PVC TRANS X 100;Negativa;Tarja Sem Tarja
7,43;1049714540011;6,67 MG/ML + 333,4 MG/ML SOL OR CT FR GOT VD AMB X 10 ML;Negativa;Tarja Sem Tarja
240,58;1049714550051;0,2 MG/ML SOL INJ/DIL INFUS IV/EPI/IT CX 50 ENVOL AMP VD AMB X 1 ML;Positiva;Tarja Preta
247,24;1049714550114;1,0 MG/ML SOL INJ/DIL INFUS IV/EPI/IT/IM CX 50 ENVOL AMP VD AMB X 2 ML;Positiva;Tarja Preta
176,91;1049714550165;10,0 MG/ML SOL INJ/DIL INFUS IV/EPI/IT/IM CX 50 AMP VD AMB X 1 ML;Positiva;Tarja Preta
176,91;1049714550173;10,0 MG/ML SOL INJ/DIL INFUS IV/EPI/IT/IM CX ENVOL 50 AMP VD AMB X 1 ML;Positiva;Tarja Preta
57,55;1049714560012;30 MG CAP DURA CT BL AL PLAS PVC/PCTFE TRANS X 10;Positiva;Tarja Vermelha
2877,41;1049714560020;30 MG CAP DURA CT BL AL PLAS PVC/PCTFE TRANS X 500;Positiva;Tarja Vermelha
111,03;1049714560039;45 MG CAP DURA CT BL AL PLAS PVC/PCTFE TRANS X 10;Positiva;Tarja Vermelha
6106,16;1049714560047;45 MG CAP DURA CT BL AL PLAS PVC/PCTFE TRANS X 500;Positiva;Tarja Vermelha
203,54;1049714560055;75 MG CAP DURA CT BL AL PLAS PVC/PCTFE TRANS X 10;Positiva;Tarja Vermelha
10176,93;1049714560063;75 MG CAP DURA CT BL AL PLAS PVC/PCTFE TRANS X 500;Positiva;Tarja Vermelha
5,59;1049714570018;5 MG/G + 250 UI/G POM DERM CT BG AL X 10 G;Negativa;Tarja Sem Tarja
226,7;1049714580021;2 MG PO LIOF SOL INJ/INFUS IV CT 5 FA VD TRANS;Positiva;Tarja Preta
1213,45;1049714590061;10MG/ML SOL INJ/DIL INFUS IV CT 25 FA VD TRANS X 5ML;Positiva;Tarja Vermelha
42,31;1049714610060;20 MG CAP DURA CT BL AL PLAS TRANS X 28;Positiva;Tarja Vermelha
84,62;1049714610079;20 MG CAP DURA CT BL AL PLAS TRANS X 56;Positiva;Tarja Vermelha
23,24;1049714620041;50 MG CAP DURA CT BL AL PLAS PVC TRANS X 24;Positiva;Tarja Vermelha
6,79;1049714630029;0,25 MG/ML + 3 MG/ML SOL OFT CT FR GOT PLAS OPC X 15 ML;Negativa;Tarja Sem Tarja
16,81;1049714640024;5 MG/ML  + 2 MG/ML SUS INJ  CT  AMP VD TRANS X 1 ML+ SER + AGU;Positiva;Tarja Vermelha
100,93;1049714640059;5 MG/ML  + 2 MG/ML SUS INJ  CT  6 AMP VD TRANS X 1 ML+ 6 SER + 6 AGU;Positiva;Tarja Vermelha
31,08;1049714650011;2 MG/ML SOL INJ/DIL INFUS IV CT AMP VD TRANS X 5 ML;Positiva;Tarja Vermelha
155,45;1049714650021;2 MG/ML SOL INJ/DIL INFUS IV CX 5 AMP VD TRANS X 5 ML;Positiva;Tarja Vermelha
621,81;1049714650038;2 MG/ML SOL INJ/DIL INFUS IV CX 20 AMP VD TRANS X 5 ML;Positiva;Tarja Vermelha
58,35;1049714650046;2 MG/ML SOL INJ/DIL INFUS IV CT AMP VD TRANS X 10 ML;Positiva;Tarja Vermelha
291,79;1049714650054;2 MG/ML SOL INJ/DIL INFUS IV CX 5 AMP VD TRANS X 10 ML;Positiva;Tarja Vermelha
1167,18;1049714650062;2 MG/ML SOL INJ/DIL INFUS IV CX 20 AMP VD TRANS X 10 ML;Positiva;Tarja Vermelha
1554,59;1049714650070;2 MG/ML SOL INJ/DIL INFUS IV CX 50 AMP VD TRANS X 5 ML;Positiva;Tarja Vermelha
2917,98;1049714650089;2 MG/ML SOL INJ/DIL INFUS IV CX 50 AMP VD TRANS X 10 ML;Positiva;Tarja Vermelha
8,61;1049714660017;40 MG/ML + 53 MG/ML + 50 MG/ML SOL OR CT FR VD AMB X 100 ML;Negativa;Tarja Sem Tarja
20,64;1049714660025;40MG/ML + 53MG/ML + 50MG/ML SOL OR CT 12 FLAC PLAS PP TRANS X 10ML;Negativa;Tarja Sem Tarja
106,96;1049714660068;40 MG/ML + 53 MG/ML + 50 MG/ML SOL OR CT 60 FLAC PLAS PP TRANS X 10 ML;Negativa;Tarja Sem Tarja
25,63;1049714670020;100 MG + 20 MG COM REV CT BL AL PLAS PVC/PVDC TRANS X 100;Negativa;Tarja Sem Tarja
7,37;1049714670039;100 MG + 20 MG COM REV CT BL AL PLAS PVC/PVDC TRANS X 30;Negativa;Tarja Sem Tarja
11,25;1049714680018;5 MG/ML SOL OFT CT FR GOT PLAS PEBD OPC X 5 ML;Negativa;Tarja Sem Tarja
22,51;1049714680026;5 MG/ML SOL OFT CT FR GOT PLAS PEBD OPC X 10 ML;Negativa;Tarja Sem Tarja
14,68;1049714690013;(2 + 0,035) MG COM REV CT BL AL PLAS PVC/PVDC TRANS X 21;Positiva;Tarja Vermelha
10,42;1049714700027;600 MG COM REV LIB PROL CT FR PLAS PP OPC X 20;Positiva;Tarja Vermelha
433,68;1049714710022;500.000 UI PO LIOF SOL INJ IM/IT/IV CT 5 FA VD TRANS;Positiva;Tarja Vermelha
7,21;1049714760011;6,67 MG/ML + 333,4 MG/ML SOL OR CT FR GOT VD AMB X 10 ML;Negativa;Tarja Vermelha
3377,14;1049714780012;100 MG/ML SOL INJ/DIL INFUS IV CT 10 FA VD TRANS X 2ML;Positiva;Tarja Vermelha
14,62;1049714790018;(500,0 + 30,0) MG COM CT BL  AL PLAS PVC TRANS X 12;Negativa;Tarja Vermelha sob restrio
38,51;1049714790026;(500,0 + 30,0) MG COM CT BL  AL PLAS PVC TRANS X 36;Negativa;Tarja Vermelha sob restrio
14,59;1049714800013;7000 UI CAP MOLE CT BL AL PLAS PVC/PVDC TRANS X 4;Negativa;Tarja Vermelha
121,52;1049714800021;50000 UI CAP MOLE CT BL AL PLAS PVC/PVDC TRANS X 4;Negativa;Tarja Vermelha
243,04;1049714800048;50000 UI CAP MOLE CT BL AL PLAS PVC/PVDC TRANS X 8;Negativa;Tarja Vermelha
109,47;1049714800072;7000 UI CAP MOLE CT BL AL PLAS PVC/PVDC TRANS X 30;Negativa;Tarja Vermelha
18,61;1049714810019;10.000 UI COM REV CT BL AL PLAS PVC TRANS X 4;Negativa;Tarja Vermelha
37,22;1049714810027;10.000 UI COM REV CT BL AL PLAS PVC TRANS X 8;Negativa;Tarja Vermelha
58,83;1049714810078;50.000 UI COM REV CT BL AL PLAS PVC TRANS X 4;Negativa;Tarja Vermelha
117,66;1049714810094;50.000 UI COM REV CT BL AL PLAS PVC TRANS X 8;Negativa;Tarja Vermelha
22,55;1049714820014;100 MG COM CT BL AL PLAS PVC TRANS X 12;Positiva;Tarja Vermelha
1970,89;1049714830011;50 MG PO LIOF SOL INFUS IV CT 10 FA VD TRANS;Positiva;Tarja Vermelha
18,61;1049714850010;10.000 UI COM REV CT BL AL PLAS PVC TRANS X 4;Negativa;Tarja Vermelha
37,22;1049714850029;10.000 UI COM REV CT BL AL PLAS PVC TRANS X 8;Negativa;Tarja Vermelha
58,83;1049714850071;50.000 UI COM REV CT BL AL PLAS PVC TRANS X 4;Negativa;Tarja Vermelha
117,66;1049714850096;50.000 UI COM REV CT BL AL PLAS PVC TRANS X 8;Negativa;Tarja Vermelha
18,87;1049714880017;(0,5+1+10+10) MG/G CREM DERM CT BG AL X 20 G;Negativa;Tarja Vermelha sob restrio
39,01;1049714890039;5 MG COM CT BL AL PLAS PVC/PVDC  TRANS X 200;Positiva;Tarja Vermelha sob restrio
65,68;1049714900034;150 MG COM REV LIB PROL CT BL AL AL X 30;Positiva;Tarja Vermelha sob restrio
131,36;1049714900042;150 MG COM REV LIB PROL CT BL AL AL X 60;Positiva;Tarja Vermelha sob restrio
6,92;1049714910031;10 MG COM CT BL AL PLAS PVC TRANS X 12;Negativa;Tarja Sem Tarja
145,5;1049714990041;10 MG COM REV CT BL AL PLAS PVC/PVDC TRANS X 30;Positiva;Tarja Vermelha
142,49;1049714990106;15 MG COM REV CT BL AL PLAS PVC/PVDC TRANS  X 30;Positiva;Tarja Vermelha
142,49;1049714990173;20 MG COM REV CT BL AL PLAS PVC/PVDC TRANS X 30;Positiva;Tarja Vermelha
14,52;1050400010018;(18,6+1,30) MG/ML SOL OTO CT FR GOT PLAS PE OPC X 10 ML;Negativa;Tarja Preta (**)
8,13;1050400050036;10 MG/ML XPE CT FR VD AMB X 100 ML;Negativa;Tarja Preta (**)
6,55;1050400050043;25 MG/ML SOL OR CT FR VD AMB X 30 ML;Negativa;Tarja Preta (**)
8,71;1050400050511;60 MG COM REV CT  BL AL PLAS TRANS X 50;Negativa;Tarja Preta (**)
436,13;1050400050521;60 MG COM REV CX 250 BL AL PLAS TRANS X 10 (EMB HOSP);Negativa;Tarja Preta (**)
17,62;1050400100017;10+10+10+30 MG COM REV CT BL AL PLAS PVC TRANS X 36;Negativa;Tarja Sem Tarja
22,71;1050400110018;POM RET CT BG AL X 25 G + APLIC;Negativa;Tarja Preta (**)
20,3;1050400120018;8MG + 10MG + 30MG + 10MG + 20MG COM REV CT BL AL PLAS TRANS X 36;Negativa;Tarja Preta (**)
6,83;1050400150014;5 MG/G POM DERM CT BG AL X 10 G;Negativa;Tarja Preta (**)
1175,24;1050400330034;40 MG COM CX BL AL PLAS PVC TRANS X 6000;Positiva;Tarja Vermelha
10,72;1050400380015;1 MG/G CREM CT BG AL X 10 G;Positiva;Tarja Vermelha (**)
150,77;1050400500029;750 MG COM CT BL AL PLAS TRANS X 200(EMB MULT);Negativa;Tarja Preta (**)
1175,24;1050400510024;40 MG COM CX BL AL PVC X 6000;Positiva;Tarja Vermelha (**)
51,05;1052500020041;50 MG COM CT BL AL/AL X 30;Positiva;Tarja Vermelha (**)
85,22;1052500020068;100 MG COM CT BL AL/AL X 30;Positiva;Tarja Vermelha (**)
30,91;1052500020076;25 MG COM CT BL AL/AL X 30;Positiva;Tarja Vermelha (**)
21,34;1052500040034;50 MG + 12,5 MG COM REV CT BL AL/AL X 14;Positiva;Tarja Vermelha
41,12;1052500040050;50 MG + 12,5 MG COM REV CT BL AL/AL X 30;Positiva;Tarja Vermelha (**)
29,23;1052500050048;25 MG COM REV CT  BL AL AL X 28;Positiva;Tarja Vermelha
24,07;1052500050064;50 MG COM REV CT BL AL AL X 14;Positiva;Tarja Vermelha
77,99;1052500050137;100 MG COM REV CT BL AL AL X 30;Positiva;Tarja Vermelha
31,34;1052500050153;25 MG COM REV CT BL AL AL X 30;Positiva;Tarja Vermelha
35,68;1052500050161;50 MG COM REV CT BL AL AL X 30;Positiva;Tarja Vermelha
24,66;1052500060035;50 MG COM  REV CT BL AL AL X 10;Positiva;Tarja Vermelha sob restrio
91,51;1052500060043;50 MG COM  REV CT BL AL AL X 30;Positiva;Tarja Vermelha sob restrio
54,65;1052500060051;100 MG COM REV CT BL AL AL X 10;Positiva;Tarja Vermelha sob restrio
164,01;1052500060086;100 MG COM REV CT BL AL AL X 30;Positiva;Tarja Vermelha sob restrio
163,86;1052500060108;50 MG COM  REV CT BL AL AL X 60;Positiva;Tarja Vermelha sob restrio
293,78;1052500060116;100 MG COM REV CT BL AL AL X 60;Positiva;Tarja Vermelha sob restrio
33,39;1052500100071;3,125 MG COM CT BL AL/AL X 30;Positiva;Tarja Vermelha (**)
38,07;1052500100088;6,25 MG COM CT BL AL/AL X 30;Positiva;Tarja Vermelha (**)
43,07;1052500100096;12,5 MG COM CT BL AL /AL X 30;Positiva;Tarja Vermelha (**)
58,84;1052500100126;25 MG COM CT BL AL/AL X 30;Positiva;Tarja Vermelha (**)
37,31;1052500140055;75 MG CAP GEL DURA BL AL AL X 7;Positiva;Tarja Vermelha sob restrio
15,55;1052500140071;37,5 MG CAP GEL DURA CT BL AL AL X 7;Positiva;Tarja Vermelha sob restrio
163,61;1052500140098;75 MG CAP GEL DURA CT BL AL AL X 30;Positiva;Tarja Vermelha sob restrio
232;1052500140101;150 MG CAP GEL DURA CT BL AL AL X 30;Positiva;Tarja Vermelha sob restrio
68,29;1052500140111;37,5 MG CAP GEL DURA CT BL AL AL X 30;Positiva;Tarja Vermelha sob restrio
323,52;1052500140128;75 MG CAP GEL DURA CT BL AL AL X 60;Positiva;Tarja Vermelha sob restrio
464,01;1052500140136;150 MG CAP GEL DURA CT BL AL AL X 60;Positiva;Tarja Vermelha sob restrio
99,55;1052500160048;20 MG COM REV CT BL AL AL X 28;Positiva;- (*) 
20,74;1052500170043;1,5 MG COM REV LIB PROL CT BL AL AL X 30;Positiva;Tarja Vermelha
41,45;1052500170051;1,5 MG COM REV LIB PROL CT BL AL AL X 60;Positiva;Tarja Vermelha
62,2;1052500170061;1,5 MG COM REV LIB PROL CT BL AL AL X 90;Positiva;Tarja Vermelha
27,6;1052500180030;300 MG COM REV LIB PROL CT BL AL/AL X 30;Positiva;Tarja Vermelha
46,09;1052500180073;500 MG COM REV LIB PROL CT BL AL/AL X 30;Positiva;Tarja Vermelha
9,2;1052500180146;300 MG COM REV LIB PROL CT BL AL/AL X 10;Positiva;Tarja Vermelha
15,36;1052500180154;500 MG COM REV LIB PROL CT BL AL/AL X 10;Positiva;Tarja Vermelha
55,2;1052500180162;300 MG COM REV LIB PROL CT BL AL/AL X 60;Positiva;Tarja Vermelha
82,8;1052500180170;300 MG COM REV LIB PROL CT BL AL/AL X 90;Positiva;Tarja Vermelha
92,16;1052500180189;500 MG COM REV LIB PROL CT BL AL/AL X 60;Positiva;Tarja Vermelha
138,24;1052500180197;500 MG COM REV LIB PROL CT BL AL/AL X 90;Positiva;Tarja Vermelha
16,67;1052500190028;30 MG COM LIB PROL CT BL AL AL X 30;Positiva;Tarja Vermelha
33,37;1052500190044;30 MG COM LIB PROL CT BL AL AL X 60;Positiva;Tarja Vermelha
10,46;1052500190052;30 MG COM LIB PROL CT BL AL AL X 20;Positiva;Tarja Vermelha
52,28;1052500190060;30 MG COM LIB PROL CT BL AL AL X 100;Positiva;Tarja Vermelha
67,21;1052500200058;4 MG COM CT BL AL AL X 30;Positiva;Tarja Vermelha
13,5;1052500200066;3 MG COM CT BL AL AL X 10;Positiva;Tarja Vermelha
40,5;1052500200074;3 MG COM CT BL AL AL X 30;Positiva;Tarja Vermelha
135,05;1052500200082;3 MG COM CT BL AL AL X 100;Positiva;Tarja Vermelha
22,39;1052500200090;4 MG COM CT BL AL AL X 10;Positiva;Tarja Vermelha
224,06;1052500200104;4 MG COM CT BL AL AL X 100;Positiva;Tarja Vermelha
26,11;1052500200112;6 MG COM CT BL AL AL X 10;Positiva;Tarja Vermelha
78,41;1052500200120;6 MG COM CT BL AL AL X 30;Positiva;Tarja Vermelha
261,43;1052500200139;6 MG COM CT BL AL AL X 100;Positiva;Tarja Vermelha
45,43;1052500260026;10 MG CAP DURA CT BL AL/AL X 30;Negativa;Tarja Preta (**)
67,12;1052500260042;15 MG CAP DURA CT BL AL/AL X 30;Negativa;Tarja Preta (**)
45,14;1052500270013;300 MG COM REV CT BL AL AL X 30;Positiva;Tarja Vermelha sob restrio
86,85;1052500270021;600 MG COM REV CT BL AL AL X 30;Positiva;Tarja Vermelha sob restrio
10,53;1052500270064;300 MG COM REV CT BL AL AL X 7;Positiva;Tarja Vermelha sob restrio
90,29;1052500270072;300 MG COM REV CT BL AL AL X 60;Positiva;Tarja Vermelha sob restrio
135,42;1052500270080;300 MG COM REV CT BL AL AL X 90;Positiva;Tarja Vermelha sob restrio
173,71;1052500270099;600 MG COM REV CT BL AL AL X 60;Positiva;Tarja Vermelha sob restrio
260,57;1052500270102;600 MG COM REV CT BL AL AL X 90;Positiva;Tarja Vermelha sob restrio
183,86;1052500300011;30 MG COM REV CT BL AL/AL X 30;Positiva;Tarja Vermelha sob restrio
261,41;1052500300028;45 MG COM REV CT BL AL/AL X 30;Positiva;Tarja Vermelha sob restrio
61,23;1052500300036;30 MG COM REV CT BL AL/AL X 10;Positiva;Tarja Vermelha sob restrio
297,78;1052500300052;30 MG COM REV CT BL AL/AL X 60;Positiva;Tarja Vermelha sob restrio
395,84;1052500300060;45 MG COM REV CT BL AL/AL X 60;Positiva;Tarja Vermelha sob restrio
14,62;1052500310031;500 MG COM LIB PROL CT BL AL/ AL X 30;Positiva;Tarja Vermelha
31,42;1052500320010;(50,0 + 5,0) MG COM REV CT BL AL/AL X 10;Positiva;Tarja Vermelha
94,37;1052500320037;(50,0 + 5,0) MG COM REV CT BL AL/AL X 30;Positiva;Tarja Vermelha
283,11;1052500320053;(50,0 + 5,0) MG COM REV CT BL AL/AL X 90;Positiva;Tarja Vermelha
314,17;1052500320061;(50,0 + 5,0) MG COM REV CT BL AL/AL X 100;Positiva;Tarja Vermelha
65,17;1052500380048;6,25 MG COM CT BL AL AL X 30;Positiva;Tarja Vermelha
72,58;1052500380064;12,5 MG COM CT BL AL AL X 30;Positiva;Tarja Vermelha
81,38;1052500380080;25,0 MG COM CT BL AL AL X 30;Positiva;Tarja Vermelha
68,19;1052500390019;25 MG COM CT BL AL AL X 30;Positiva;Tarja Vermelha sob restrio
121,31;1052500390027;50 MG COM CT BL AL AL X 30;Positiva;Tarja Vermelha sob restrio
212,42;1052500390035;100 MG COM CT BL AL AL X 30;Positiva;Tarja Vermelha sob restrio
96,57;1052500400014;5 MG COM REV CT BL AL/AL X 10;Positiva;Tarja Vermelha (**)
279,11;1052500400030;5 MG COM REV CT BL AL/AL X 30;Positiva;Tarja Vermelha (**)
313,96;1052500400065;10 MG COM REV CT BL AL/AL X 30;Positiva;Tarja Vermelha (**)
100,4;1052500410028;10 MG COM REV CT BL AL AL X 30;Positiva;Tarja Vermelha
200,86;1052500410036;10 MG COM REV CT BL AL AL X 60;Positiva;Tarja Vermelha
175,93;1052500410060;20 MG COM REV CT BL AL AL X 30;Positiva;Tarja Vermelha
351,9;1052500410079;20 MG COM REV CT BL AL AL X 60;Positiva;Tarja Vermelha
13,02;1052500410151;5 MG COM REV CT BL AL AL X 10;Positiva;Tarja Vermelha
39,04;1052500410168;5 MG COM REV CT BL AL AL X 30;Positiva;Tarja Vermelha
78,09;1052500410176;5 MG COM REV CT BL AL AL X 60;Positiva;Tarja Vermelha
305,66;1052500420023;5 MG COM REV CT BL AL/AL X 30;Positiva;Tarja Vermelha (**)
339,6;1052500420058;10 MG COM REV CT BL AL/AL X 30;Positiva;Tarja Vermelha (**)
33,44;1052500430010;10 MG COM REV CT BL AL AL X 10;Positiva;Tarja Vermelha
100,41;1052500430029;10 MG COM REV CT BL AL AL X 30;Positiva;Tarja Vermelha
200,86;1052500430037;10 MG COM REV CT BL AL AL X 60;Positiva;Tarja Vermelha
334,68;1052500430045;10 MG COM REV CX BL AL AL X 100;Positiva;Tarja Vermelha
58,64;1052500430061;20 MG COM REV CT BL AL AL X 10;Positiva;Tarja Vermelha
175,93;1052500430071;20 MG COM REV CT BL AL AL X 30;Positiva;Tarja Vermelha
351,88;1052500430088;20 MG COM REV CT BL AL AL X 60;Positiva;Tarja Vermelha
586,4;1052500430096;20 MG COM REV CX BL AL AL X 100;Positiva;Tarja Vermelha
17,53;1052500430169;5 MG COM REV CT BL AL AL X 10;Positiva;Tarja Vermelha
52,58;1052500430177;5 MG COM REV CT BL AL AL X 30;Positiva;Tarja Vermelha
105,17;1052500430185;5 MG COM REV CT BL AL AL X 60;Positiva;Tarja Vermelha
47,48;1052500440016;10 MG COM REV CT BL AL AL X 10;Positiva;Tarja Vermelha sob restrio
142,48;1052500440032;10 MG COM REV CT BL AL AL X 30;Positiva;Tarja Vermelha sob restrio
284,98;1052500440040;10 MG COM REV CT BL AL AL X 60;Positiva;Tarja Vermelha sob restrio
142,54;1052500450038;10 MG COM REV CT BL AL/AL X 30;Positiva;Tarja Vermelha sob restrio
130,13;1052500470020;15 MG COM CT BL AL AL X 30;Positiva;Tarja Vermelha
69,03;1052500470055;30 MG COM CT BL AL AL X 15;Positiva;Tarja Vermelha
160,51;1052500470063;30 MG COM CT BL AL AL X 30;Positiva;Tarja Vermelha
260,43;1052500470101;45 MG COM CT BL AL AL X 30;Positiva;Tarja Vermelha
84,82;1052500510022;15 MG COM CT BL AL/AL X30;Positiva;Tarja Vermelha (**)
89,74;1052500510065;30 MG COM CT BL AL/AL X30;Positiva;Tarja Vermelha (**)
79,96;1052500530041;80 + 12,5 COM REV CT BL AL/AL X 30;Positiva;Tarja Vermelha
79,96;1052500530082;160 + 12,5 COM REV CT BL AL/AL X 30;Positiva;Tarja Vermelha
92,01;1052500530120;160 + 25 COM REV CT BL AL/AL X 30;Positiva;Tarja Vermelha
79,96;1052500530163;320 + 12,5 COM REV CT BL AL/AL X 30;Positiva;Tarja Vermelha
92,01;1052500530201;320 + 25 COM REV CT BL AL/AL X 30;Positiva;Tarja Vermelha
51,04;1052500540045;5 MG COM CT BL AL/AL X 30;Negativa;Tarja Vermelha (**)
16,46;1052500560011;5 MG COM CT BL AL/AL X 7;Negativa;Tarja Vermelha
70,7;1052500560054;5 MG COM CT BL AL/AL X 30;Negativa;Tarja Vermelha
133,54;1052500560089;5 MG COM CT BL AL/AL X 60;Negativa;Tarja Vermelha
231,11;1052500560100;5 MG COM CT BL AL/AL X 100;Negativa;Tarja Vermelha
28,06;1052500570033;20 MG COM REV CT BL AL/AL X 30;Positiva;Tarja Vermelha (**)
29,51;1052500570084;40 MG COM REV CT BL AL/AL X 30;Positiva;Tarja Vermelha (**)
9,34;1052500580012;20 MG COM REV CT BL AL AL X 10;Positiva;Tarja Vermelha
28,06;1052500580039;20 MG COM REV CT BL AL AL X 30;Positiva;Tarja Vermelha
56,12;1052500580055;20 MG COM REV CT BL AL AL X 60;Positiva;Tarja Vermelha
9,81;1052500580063;40 MG COM REV CT BL AL AL X 10;Positiva;Tarja Vermelha
29,51;1052500580081;40 MG COM REV CT BL AL AL X 30;Positiva;Tarja Vermelha
58,99;1052500580101;40 MG COM REV CT BL AL AL X 60;Positiva;Tarja Vermelha
84,13;1052500580111;20 MG COM REV CT BL AL AL X 90;Positiva;Tarja Vermelha
93,48;1052500580128;20 MG COM REV CT BL AL AL X 100;Positiva;Tarja Vermelha
88,49;1052500580136;40 MG COM REV CT BL AL AL X 90;Positiva;Tarja Vermelha
98,33;1052500580144;40 MG COM REV CT BL AL AL X 100;Positiva;Tarja Vermelha
22,27;1052500590034;50 MG COM CT BL AL AL X 30;Positiva;Tarja Vermelha (**)
47,31;1052500590042;50 MG COM CT BL AL AL X 60;Positiva;Tarja Vermelha (**)
44,64;1052500590077;100 MG COM CT BL AL AL X 30;Positiva;Tarja Vermelha (**)
89,28;1052500590085;100 MG COM CT BL AL AL X 60;Positiva;Tarja Vermelha (**)
8,22;1052500610019;50 MG COM CT BL AL AL X 10;Positiva;Tarja Vermelha (**)
32,61;1052500610035;50 MG COM CT BL AL AL X 30;Positiva;Tarja Vermelha (**)
65,27;1052500610043;50 MG COM CT BL AL AL X 60;Positiva;Tarja Vermelha (**)
15,26;1052500610051;100 MG COM CT BL AL AL X 10;Positiva;Tarja Vermelha (**)
65,27;1052500610078;100 MG COM CT BL AL AL X 30;Positiva;Tarja Vermelha (**)
130,56;1052500610086;100 MG COM CT BL AL AL X 60;Positiva;Tarja Vermelha (**)
61,24;1052500620030;50 MG COM  REV CT BL AL AL X 30;Positiva;Tarja Vermelha sob restrio
112,68;1052500620073;100 MG COM REV CT BL AL AL X 30;Positiva;Tarja Vermelha sob restrio
122,51;1052500620091;50 MG COM  REV CT BL AL AL X 60;Positiva;Tarja Vermelha sob restrio
34,2;1052500630087;100 MG COM REV CT BL AL AL X 30;Positiva;Tarja Vermelha
114,09;1052500630095;100 MG COM REV CT BL AL AL X 100;Positiva;Tarja Vermelha
11,6;1052500630109;25 MG COM REV CT BL AL AL X 30;Positiva;Tarja Vermelha
23,21;1052500630117;50 MG COM REV CT BL AL AL X 30;Positiva;Tarja Vermelha
1,41;1052500650010;500 MG COM LIB PROL CT BL AL/ AL X 10;Positiva;Tarja Vermelha
2,81;1052500650029;500 MG COM LIB PROL CT BL AL/ AL X 20;Positiva;Tarja Vermelha
4,2;1052500650037;500 MG COM LIB PROL CT BL AL/ AL X 30;Positiva;Tarja Vermelha
8,43;1052500650045;500 MG COM LIB PROL CT BL AL/ AL X 60;Positiva;Tarja Vermelha
132,95;1052500660024;20 MG COM REV CT BL AL AL X 28;Positiva;Tarja Vermelha sob restrio
20,8;1052500670021;1,5 MG COM REV LIB PROL CT BL AL AL X 30;Positiva;Tarja Vermelha
40,34;1052500670038;1,5 MG COM REV LIB PROL CT BL AL AL X 60;Positiva;Tarja Vermelha
157,54;1052500680076;75 MG CAP GEL DURA CT BL AL AL X 30;Positiva;Tarja Vermelha sob restrio
223,47;1052500680084;150 MG CAP GEL DURA CT BL AL AL X 30;Positiva;Tarja Vermelha sob restrio
67,31;1052500680092;37,5 MG CAP GEL DURA CT BL AL AL X 30;Positiva;Tarja Vermelha sob restrio
315,08;1052500680106;75 MG CAP GEL DURA CT BL AL AL X 60;Positiva;Tarja Vermelha sob restrio
446,93;1052500680114;150 MG CAP GEL DURA CT BL AL AL X 60;Positiva;Tarja Vermelha sob restrio
17,79;1052500690012;30 MG COM LIB PROL CT BL AL AL X 30;Positiva;Tarja Vermelha
35,43;1052500690039;30 MG COM LIB PROL CT BL AL AL X 60;Positiva;Tarja Vermelha
9,12;1052500700018;1 MG + 500 MG COM LIB PROL CT BL AL/AL X 10;Positiva;Tarja Vermelha
13,68;1052500700026;1 MG + 500 MG COM LIB PROL CT BL AL/AL X 15;Positiva;Tarja Vermelha
27,4;1052500700034;1 MG + 500 MG COM LIB PROL CT BL AL/AL X 30;Positiva;Tarja Vermelha
54,82;1052500700042;1 MG + 500 MG COM LIB PROL CT BL AL/AL X 60;Positiva;Tarja Vermelha
21,75;1052500700050;2 MG + 1000 MG COM LIB PROL CT BL AL/AL X 10;Positiva;Tarja Vermelha
32,63;1052500700069;2 MG + 1000 MG COM LIB PROL CT BL AL/AL X 15;Positiva;Tarja Vermelha
65,27;1052500700077;2 MG + 1000 MG COM LIB PROL CT BL AL/AL X 30;Positiva;Tarja Vermelha
130,57;1052500700085;2 MG + 1000 MG COM LIB PROL CT BL AL/AL X 60;Positiva;Tarja Vermelha
164,88;1052500710110;6 MG COM CT BL AL AL X 100;Positiva;Tarja Vermelha
15,88;1052500720019;25 MG COM SUS CT BL AL/AL X 7;Positiva;Tarja Vermelha
31,8;1052500720027;25 MG COM SUS CT BL AL/AL X14;Positiva;Tarja Vermelha
68,19;1052500720035;25 MG COM SUS CT BL AL/AL X30;Positiva;Tarja Vermelha
136,35;1052500720043;25 MG COM SUS CT BL AL/AL X 60;Positiva;Tarja Vermelha
28,31;1052500720051;50 MG COM SUS CT BL AL/AL X 7;Positiva;Tarja Vermelha
56,62;1052500720061;50 MG COM SUS CT BL AL/AL X 14;Positiva;Tarja Vermelha
121,31;1052500720078;50 MG COM SUS CT BL AL/AL X 30;Positiva;Tarja Vermelha
242,65;1052500720086;50 MG COM SUS CT BL AL/AL X 60;Positiva;Tarja Vermelha
49,56;1052500720094;100 MG COM SUS CT BL AL/AL X 7;Positiva;Tarja Vermelha
99,1;1052500720108;100 MG COM SUS CT BL AL/AL X 14;Positiva;Tarja Vermelha
212,41;1052500720116;100 MG COM SUS CT BL AL/AL X 30;Positiva;Tarja Vermelha
424,79;1052500720124;100 MG COM SUS CT BL AL/AL X 60;Positiva;Tarja Vermelha
18,1;1052500730014;25 MG COM SUS CT BL AL/AL X 7;Positiva;Tarja Vermelha
36,21;1052500730022;25 MG COM SUS CT BL AL/AL X14;Positiva;Tarja Vermelha
77,6;1052500730030;25 MG COM SUS CT BL AL/AL X30;Positiva;Tarja Vermelha
155,22;1052500730049;25 MG COM SUS CT BL AL/AL X 60;Positiva;Tarja Vermelha
36,21;1052500730057;50 MG COM SUS CT BL AL/AL X 7;Positiva;Tarja Vermelha
72,42;1052500730065;50 MG COM SUS CT BL AL/AL X 14;Positiva;Tarja Vermelha
155,22;1052500730073;50 MG COM SUS CT BL AL/AL X 30;Positiva;Tarja Vermelha
310,45;1052500730081;50 MG COM SUS CT BL AL/AL X 60;Positiva;Tarja Vermelha
72,42;1052500730091;100 MG COM SUS CT BL AL/AL X 7;Positiva;Tarja Vermelha
144,87;1052500730103;100 MG COM SUS CT BL AL/AL X 14;Positiva;Tarja Vermelha
310,45;1052500730111;100 MG COM SUS CT BL AL/AL X 30;Positiva;Tarja Vermelha
620,91;1052500730121;100 MG COM SUS CT BL AL/AL X 60;Positiva;Tarja Vermelha
31,77;1052500740011;10 MG CAP GEL DURA CT BL AL/AL X 30;Negativa;Tarja Preta
37,82;1052500740028;15 MG CAP GEL DURA CT BL AL/AL X 30;Negativa;Tarja Preta
15,59;1052500750015;2MG COM REV CT BL AL PLAS TRANS X 10;Positiva;Tarja Vermelha sob restrio
46,76;1052500750031;2 MG COM REV CT BL AL PLAS TRANS X 30;Positiva;Tarja Vermelha sob restrio
93,51;1052500750041;2 MG COM REV CT BL AL PLAS TRANS X 60;Positiva;Tarja Vermelha sob restrio
46,76;1052500750074;1 MG COM REV CT BL AL PLAS TRANS X 30;Positiva;Tarja Vermelha sob restrio
93,51;1052500750082;1 MG COM REV CT BL AL PLAS TRANS X 60;Positiva;Tarja Vermelha sob restrio
15,59;1052500750090;3 MG COM REV CT BL AL PLAS TRANS X 10;Positiva;Tarja Vermelha sob restrio
46,76;1052500750112;3 MG COM REV CT BL AL PLAS TRANS X 30;Positiva;Tarja Vermelha sob restrio
93,51;1052500750120;3 MG COM REV CT BL AL PLAS TRANS X 60;Positiva;Tarja Vermelha sob restrio
779,35;1052500750139;1 MG COM REV CT BL AL PLAS TRANS X 500;Positiva;Tarja Vermelha sob restrio
779,35;1052500750147;2 MG COM REV CT BL AL PLAS TRANS X 500;Positiva;Tarja Vermelha sob restrio
779,35;1052500750155;3 MG COM REV CT BL AL PLAS TRANS X 500;Positiva;Tarja Vermelha sob restrio
201,15;1052500760010;10 MG COM CT BL AL/AL X 10;Positiva;Tarja Vermelha
298,12;1052500760029;15 MG COM CT BL AL/AL X 10;Positiva;Tarja Vermelha
394,58;1052500760037;20 MG COM CT BL AL/AL X 10;Positiva;Tarja Vermelha
1798,09;1052500760045;30 MG COM CT BL AL/AL X 30;Positiva;Tarja Vermelha
894,39;1052500760053;15 MG COM CT BL AL/AL X 30;Positiva;Tarja Vermelha
1183,73;1052500760061;20 MG COM CT BL AL/AL X 30;Positiva;Tarja Vermelha
603,47;1052500760071;10 MG COM CT BL AL/AL X 30;Positiva;Tarja Vermelha
599,35;1052500760088;30 MG COM CT BL AL/AL X 10;Positiva;Tarja Vermelha
26,26;1052500770016;75 MG CAP DURA CT BL AL AL X 10;Positiva;Tarja Vermelha
78,77;1052500770024;75 MG CAP DURA CT BL AL AL X 30;Positiva;Tarja Vermelha
40,28;1052500770032;150 MG CAP DURA CT BL AL AL X 10;Positiva;Tarja Vermelha
120,8;1052500770040;150 MG CAP DURA CT BL AL AL X 30;Positiva;Tarja Vermelha
24,62;1052500780046;1,25 MG COM REV CT BL AL AL X 30;Positiva;Tarja Vermelha
28,35;1052500780097;2,5 MG COM REV CT BL AL AL X 30;Positiva;Tarja Vermelha
34,5;1052500780143;5 MG COM REV CT BL AL AL X 30;Positiva;Tarja Vermelha
39,31;1052500780194;10 MG COM REV CT BL AL AL X 30;Positiva;Tarja Vermelha
39,98;1052500790025;300 MG COM REV CT BL AL AL X 30;Positiva;Tarja Vermelha
76,7;1052500790041;600 MG COM REV CT BL AL AL X 30;Positiva;Tarja Vermelha
36,8;1052500800012;10 MG COM REV CT BL AL AL X 8;Positiva;Tarja Vermelha
46,02;1052500800020;10 MG COM REV CT BL AL AL X 10;Positiva;Tarja Vermelha
138,06;1052500800039;10 MG COM REV CT BL AL AL X 30;Positiva;Tarja Vermelha
276,08;1052500800047;10 MG COM REV CT BL AL AL X 60;Positiva;Tarja Vermelha
36,8;1052500800055;15 MG COM REV CT BL AL AL X 8;Positiva;Tarja Vermelha
46,02;1052500800063;15 MG COM REV CT BL AL AL X 10;Positiva;Tarja Vermelha
138,06;1052500800071;15 MG COM REV CT BL AL AL X 30;Positiva;Tarja Vermelha
276,08;1052500800081;15 MG COM REV CT BL AL AL X 60;Positiva;Tarja Vermelha
36,8;1052500800098;20 MG COM REV CT BL AL AL X 8;Positiva;Tarja Vermelha
46,02;1052500800101;20 MG COM REV CT BL AL AL X 10;Positiva;Tarja Vermelha
138,06;1052500800111;20 MG COM REV CT BL AL AL X 30;Positiva;Tarja Vermelha
276,08;1052500800128;20 MG COM REV CT BL AL AL X 60;Positiva;Tarja Vermelha
414,13;1052500800136;10 MG COM REV CT BL AL AL X 90;Positiva;Tarja Vermelha
460,15;1052500800144;10 MG COM REV CT BL AL AL X 100;Positiva;Tarja Vermelha
414,13;1052500800152;15 MG COM REV CT BL AL AL X 90;Positiva;Tarja Vermelha
460,15;1052500800160;15 MG COM REV CT BL AL AL X 100;Positiva;Tarja Vermelha
414,13;1052500800179;20 MG COM REV CT BL AL AL X 90;Positiva;Tarja Vermelha
460,15;1052500800187;20 MG COM REV CT BL AL AL X 100;Positiva;Tarja Vermelha
18,05;1052500810018;15 MG COM ORODISP CT BL AL/AL X 6;Positiva;Tarja Vermelha sob restrio
30,11;1052500810026;15 MG COM ORODISP CT BL AL/AL X 10;Positiva;Tarja Vermelha sob restrio
36,13;1052500810034;30 MG COM ORODISP CT BL AL/AL X 6;Positiva;Tarja Vermelha sob restrio
60,2;1052500810042;30 MG COM ORODISP CT BL AL/AL X 10;Positiva;Tarja Vermelha sob restrio
54,18;1052500810050;45 MG COM ORODISP CT BL AL/AL X 6;Positiva;Tarja Vermelha sob restrio
90,31;1052500810069;45 MG COM ORODISP CT BL AL/AL X 10;Positiva;Tarja Vermelha sob restrio
90,31;1052500810077;15 MG COM ORODISP CT BL AL/AL X 30;Positiva;Tarja Vermelha sob restrio
180,61;1052500810085;30 MG COM ORODISP CT BL AL/AL X 30;Positiva;Tarja Vermelha sob restrio
270,92;1052500810093;45 MG COM ORODISP CT BL AL/AL X 30;Positiva;Tarja Vermelha sob restrio
9,75;1052500820013;1,25 MG COM REV CT BL AL AL X 7;Positiva;Tarja Vermelha
13,93;1052500820021;1,25 MG COM REV CT BL AL AL X 10;Positiva;Tarja Vermelha
19,51;1052500820031;1,25 MG COM REV CT BL AL AL X 14;Positiva;Tarja Vermelha
39,48;1052500820048;1,25 MG COM REV CT BL AL AL X 30;Positiva;Tarja Vermelha
83,56;1052500820056;1,25 MG COM REV CT BL AL AL X 60;Positiva;Tarja Vermelha
11,43;1052500820064;2,5 MG COM REV CT BL AL AL X 7;Positiva;Tarja Vermelha
16,33;1052500820072;2,5 MG COM REV CT BL AL AL X 10;Positiva;Tarja Vermelha
22,87;1052500820080;2,5 MG COM REV CT BL AL AL X 14;Positiva;Tarja Vermelha
45,46;1052500820099;2,5 MG COM REV CT BL AL AL X 30;Positiva;Tarja Vermelha
97,99;1052500820102;2,5 MG COM REV CT BL AL AL X 60;Positiva;Tarja Vermelha
13,84;1052500820110;5 MG COM REV CT BL AL AL X 7;Positiva;Tarja Vermelha
19,77;1052500820129;5 MG COM REV CT BL AL AL X 10;Positiva;Tarja Vermelha
27,67;1052500820137;5 MG COM REV CT BL AL AL X 14;Positiva;Tarja Vermelha
55,31;1052500820145;5 MG COM REV CT BL AL AL X 30;Positiva;Tarja Vermelha
118,61;1052500820153;5 MG COM REV CT BL AL AL X 60;Positiva;Tarja Vermelha
22,49;1052500820171;10 MG COM REV CT BL AL AL X 10;Positiva;Tarja Vermelha
63,02;1052500820196;10 MG COM REV CT BL AL AL X 30;Positiva;Tarja Vermelha
134,98;1052500820201;10 MG COM REV CT BL AL AL X 60;Positiva;Tarja Vermelha
126,26;1052500820218;1,25 MG COM REV CT BL AL AL X 100;Positiva;Tarja Vermelha
145,42;1052500820226;2,5 MG COM REV CT BL AL AL X 100;Positiva;Tarja Vermelha
176,91;1052500820234;5 MG COM REV CT BL AL AL X 100;Positiva;Tarja Vermelha
201,58;1052500820242;10 MG COM REV CT BL AL AL X 100;Positiva;Tarja Vermelha
116,89;1052500830019;30 MG COM REV CT BL AL/AL X 30;Positiva;Tarja Vermelha sob restrio
166,18;1052500830027;45 MG COM REV CT BL AL/AL X 30;Positiva;Tarja Vermelha sob restrio
38,97;1052500830035;30 MG COM REV CT BL AL/AL X 10;Positiva;Tarja Vermelha sob restrio
55,39;1052500830043;45 MG COM REV CT BL AL/AL X 10;Positiva;Tarja Vermelha sob restrio
228;1052500830051;30 MG COM REV CT BL AL/AL X 60;Positiva;Tarja Vermelha sob restrio
332,35;1052500830061;45 MG COM REV CT BL AL/AL X 60;Positiva;Tarja Vermelha sob restrio
40,4;1052500840014;75 MG CAP DURA CT BL AL AL X 10;Positiva;Tarja Vermelha
121,21;1052500840022;75 MG CAP DURA CT BL AL AL X 30;Positiva;Tarja Vermelha
61,97;1052500840030;150 MG CAP DURA CT BL AL AL X 10;Positiva;Tarja Vermelha
185,88;1052500840049;150 MG CAP DURA CT BL AL AL X 30;Positiva;Tarja Vermelha
58,46;1052500850011;10 MG COM REV CT BL AL AL X 8;Positiva;Tarja Vermelha
73,09;1052500850028;10 MG COM REV CT BL AL AL X 10;Positiva;Tarja Vermelha
219,24;1052500850036;10 MG COM REV CT BL AL AL X 30;Positiva;Tarja Vermelha
438,47;1052500850044;10 MG COM REV CT BL AL AL X 60;Positiva;Tarja Vermelha
58,46;1052500850052;15 MG COM REV CT BL AL AL X 8;Positiva;Tarja Vermelha
73,09;1052500850060;15 MG COM REV CT BL AL AL X 10;Positiva;Tarja Vermelha
219,24;1052500850079;15 MG COM REV CT BL AL AL X 30;Positiva;Tarja Vermelha
438,47;1052500850087;15 MG COM REV CT BL AL AL X 60;Positiva;Tarja Vermelha
58,46;1052500850095;20 MG COM REV CT BL AL AL X 8;Positiva;Tarja Vermelha
73,09;1052500850109;20 MG COM REV CT BL AL AL X 10;Positiva;Tarja Vermelha
219,24;1052500850117;20 MG COM REV CT BL AL AL X 30;Positiva;Tarja Vermelha
438,47;1052500850125;20 MG COM REV CT BL AL AL X 60;Positiva;Tarja Vermelha
657,72;1052500850133;10 MG COM REV CT BL AL AL X 90;Positiva;Tarja Vermelha
730,8;1052500850141;10 MG COM REV CT BL AL AL X 100;Positiva;Tarja Vermelha
657,69;1052500850151;15 MG COM REV CT BL AL AL X 90;Positiva;Tarja Vermelha
730,77;1052500850168;15 MG COM REV CT BL AL AL X 100;Positiva;Tarja Vermelha
657,69;1052500850176;20 MG COM REV CT BL AL AL X 90;Positiva;Tarja Vermelha
730,77;1052500850184;20 MG COM REV CT BL AL AL X 100;Positiva;Tarja Vermelha
28,5;1052500860015;10 MG COM REV CT BL AL AL X 10;Positiva;Tarja Vermelha sob restrio
85,51;1052500860023;10 MG COM REV CT BL AL AL X 30;Positiva;Tarja Vermelha sob restrio
171,03;1052500860031;10 MG COM REV CT BL AL AL X 60;Positiva;Tarja Vermelha sob restrio
135,43;1052500860041;20 MG COM REV CT BL AL AL X 10;Positiva;Tarja Vermelha sob restrio
406,29;1052500860058;20 MG COM REV CT BL AL AL X 30;Positiva;Tarja Vermelha sob restrio
812,59;1052500860066;20 MG COM REV CT BL AL AL X 60;Positiva;Tarja Vermelha sob restrio
341,98;1052500860074;10 MG COM REV CT BL AL AL X 120;Positiva;Tarja Vermelha sob restrio
44,46;1052500870010;90 MG COM REV CT BL AL AL X 10;Positiva;Tarja Vermelha
133,37;1052500870029;90 MG COM REV CT BL AL AL X 30;Positiva;Tarja Vermelha
266,76;1052500870037;90 MG COM REV CT BL AL AL X 60;Positiva;Tarja Vermelha
40,89;1052500880016;50 MG COM REV LIB PROL CT BL AL AL X 10;Positiva;Tarja Vermelha sob restrio
122,66;1052500880024;50 MG COM REV LIB PROL CT BL AL AL X 30;Positiva;Tarja Vermelha sob restrio
245,32;1052500880032;50 MG COM REV LIB PROL CT BL AL AL X 60;Positiva;Tarja Vermelha sob restrio
45,73;1052500880040;100 MG COM REV LIB PROL CT BL AL AL X 10;Positiva;Tarja Vermelha sob restrio
137,19;1052500880059;100 MG COM REV LIB PROL CT BL AL AL X 30;Positiva;Tarja Vermelha sob restrio
274,38;1052500880067;100 MG COM REV LIB PROL CT BL AL AL X 60;Positiva;Tarja Vermelha sob restrio
13,31;1052500900017;5 MG COM REV CT BL AL  AL X 8;Negativa;Tarja Vermelha
16,64;1052500900025;5 MG COM REV CT BL AL  AL X 10;Negativa;Tarja Vermelha
49,94;1052500900033;5 MG COM REV CT BL AL  AL X 30;Negativa;Tarja Vermelha
99,89;1052500900041;5 MG COM REV CT BL AL  AL X 60;Negativa;Tarja Vermelha
149,83;1052500900051;5 MG COM REV CT BL AL  AL X 90;Negativa;Tarja Vermelha
166,47;1052500900068;5 MG COM REV CT BL AL  AL X 100;Negativa;Tarja Vermelha
14,91;1052500900076;7,5 MG COM REV CT BL AL AL X 8;Negativa;Tarja Vermelha
18,64;1052500900084;7,5 MG COM REV CT BL AL AL X 10;Negativa;Tarja Vermelha
55,92;1052500900092;7,5 MG COM REV CT BL AL AL X 30;Negativa;Tarja Vermelha
111,83;1052500900106;7,5 MG COM REV CT BL AL AL X 60;Negativa;Tarja Vermelha
167,75;1052500900114;7,5 MG COM REV CT BL AL AL X 90;Negativa;Tarja Vermelha
186,38;1052500900122;7,5 MG COM REV CT BL AL AL X 100;Negativa;Tarja Vermelha
13,19;1052500910012;250 MG COM REV CT BL AL AL X 10;Negativa;Tarja Vermelha sob restrio
39,57;1052500910020;250 MG COM REV CT BL AL AL X 30;Negativa;Tarja Vermelha sob restrio
79,15;1052500910039;250 MG COM REV CT BL AL AL X 60;Negativa;Tarja Vermelha sob restrio
189,25;1052500910047;750 MG COM REV CT BL AL AL X 30;Negativa;Tarja Vermelha sob restrio
378,49;1052500910055;750 MG COM REV CT BL AL AL X 60;Negativa;Tarja Vermelha sob restrio
31,15;1052500920018;50 MG COM REV CT BL AL AL X 10;Negativa;Tarja Vermelha sob restrio
93,45;1052500920026;50 MG COM REV CT BL AL AL X 30;Negativa;Tarja Vermelha sob restrio
186,9;1052500920034;50 MG COM REV CT BL AL AL X 60;Negativa;Tarja Vermelha sob restrio
62,37;1052500920077;100 MG COM REV CT BL AL AL X 10;Negativa;Tarja Vermelha sob restrio
187,1;1052500920085;100 MG COM REV CT BL AL AL X 30;Negativa;Tarja Vermelha sob restrio
374,2;1052500920093;100 MG COM REV CT BL AL AL X 60;Negativa;Tarja Vermelha sob restrio
280,68;1052500920131;150 MG COM REV CT BL AL AL X 30;Negativa;Tarja Vermelha sob restrio
561,36;1052500920141;150 MG COM REV CT BL AL AL X 60;Negativa;Tarja Vermelha sob restrio
365,36;1052500920174;200 MG COM REV CT BL AL AL X 30;Negativa;Tarja Vermelha sob restrio
730,7;1052500920182;200 MG COM REV CT BL AL AL X 60;Negativa;Tarja Vermelha sob restrio
5,96;1052500930013;5 MG COM REV CT BL AL  AL X 8;Negativa;Tarja Vermelha
10,8;1052500930021;5 MG COM REV CT BL AL  AL X 10;Negativa;Tarja Vermelha
32,42;1052500930031;5 MG COM REV CT BL AL  AL X 30;Negativa;Tarja Vermelha
64,85;1052500930048;5 MG COM REV CT BL AL  AL X 60;Negativa;Tarja Vermelha
97,27;1052500930056;5 MG COM REV CT BL AL  AL X 90;Negativa;Tarja Vermelha
108,08;1052500930064;5 MG COM REV CT BL AL  AL X 100;Negativa;Tarja Vermelha
9,7;1052500930072;7,5 MG COM REV CT BL AL AL X 8;Negativa;Tarja Vermelha
12,12;1052500930080;7,5 MG COM REV CT BL AL AL X 10;Negativa;Tarja Vermelha
36,35;1052500930099;7,5 MG COM REV CT BL AL AL X 30;Negativa;Tarja Vermelha
72,69;1052500930102;7,5 MG COM REV CT BL AL AL X 60;Negativa;Tarja Vermelha
109,04;1052500930110;7,5 MG COM REV CT BL AL AL X 90;Negativa;Tarja Vermelha
121,15;1052500930129;7,5 MG COM REV CT BL AL AL X 100;Negativa;Tarja Vermelha
28,9;1052500940019;90 MG COM REV CT BL AL AL X 10;Positiva;Tarja Vermelha
86,69;1052500940027;90 MG COM REV CT BL AL AL X 30;Positiva;Tarja Vermelha
173,39;1052500940035;90 MG COM REV CT BL AL AL X 60;Positiva;Tarja Vermelha
30,31;1052500960011;50 MG COM REV LIB PROL CT BL AL AL X 10;Positiva;Tarja Vermelha sob restrio
90,92;1052500960028;50 MG COM REV LIB PROL CT BL AL AL X 30;Positiva;Tarja Vermelha sob restrio
181,83;1052500960036;50 MG COM REV LIB PROL CT BL AL AL X 60;Positiva;Tarja Vermelha sob restrio
34,8;1052500960044;100 MG COM REV LIB PROL CT BL AL AL X 10;Positiva;Tarja Vermelha sob restrio
104,41;1052500960052;100 MG COM REV LIB PROL CT BL AL AL X 30;Positiva;Tarja Vermelha sob restrio
208,82;1052500960060;100 MG COM REV LIB PROL CT BL AL AL X 60;Positiva;Tarja Vermelha sob restrio
20,17;1052501000011;10 MG COM REV CT BL AL PLAS PVC TRANS X 10;Positiva;Tarja Vermelha sob restrio
40,35;1052501000028;10 MG COM REV CT BL AL PLAS PVC TRANS X 20;Positiva;Tarja Vermelha sob restrio
60,52;1052501000036;10 MG COM REV CT BL AL PLAS PVC TRANS X 30;Positiva;Tarja Vermelha sob restrio
55,66;1052501010015;(40,0 + 12,5) MG COM CT BL AL AL X 14;Positiva;Tarja Vermelha
119,28;1052501010031;(40,0 + 12,5) MG COM CT BL AL AL X 30;Positiva;Tarja Vermelha
62,07;1052501010041;(80,0 + 12,5) MG COM CT BL AL AL X 14;Positiva;Tarja Vermelha
133,02;1052501010066;(80,0 + 12,5) MG COM CT BL AL AL X 30;Positiva;Tarja Vermelha
133,17;1052501010112;(80,0 + 25,0) MG COM CT BL AL AL X 30;Positiva;Tarja Vermelha
14,7;1052501020010;300 MG COM REV CT BL AL AL X 10;Positiva;Tarja Vermelha
45,14;1052501020029;300 MG COM REV CT BL AL AL X 30;Positiva;Tarja Vermelha
28,11;1052501020037;600 MG COM REV CT BL AL AL X 10;Positiva;Tarja Vermelha
86,85;1052501020045;600 MG COM REV CT BL AL AL X 30;Positiva;Tarja Vermelha
10,53;1052501020053;300 MG COM REV CT BL AL AL X 7;Positiva;Tarja Vermelha
90,29;1052501020061;300 MG COM REV CT BL AL AL X 60;Positiva;Tarja Vermelha
135,42;1052501020071;300 MG COM REV CT BL AL AL X 90;Positiva;Tarja Vermelha
173,71;1052501020088;600 MG COM REV CT BL AL AL X 60;Positiva;Tarja Vermelha
260,57;1052501020096;600 MG COM REV CT BL AL AL X 90;Positiva;Tarja Vermelha
13,33;1053500790023;0,02 G/G CREM DERM CT BG AL X 20 G;Negativa;Tarja Sem Tarja
3,64;1053500840063;1 MG/G CREM  DERM CT BG AL X 10 G;Positiva;Tarja Vermelha
10,47;1053500880030;0,1 G/G SAB CT PLAS INC  X 60 G;Negativa;Tarja Preta (**)
9,27;1053500930011;(5 MG + 250 UI)/G POM DERM CT BG AL X 10 G;Negativa;Tarja Vermelha
21,56;1053500940051;50 MG/ML SUS OR CT FR PLAS OPC CGT X 15 ML;Positiva;Tarja Vermelha (**)
20,2;1053500970013;400 MG COM REV CT STR AL X 14;Positiva;Tarja Vermelha sob restrio
10,52;1053501040044;25 MG COM CT   BL AL PLAS TRANS X 30;Positiva;Tarja Vermelha
12,8;1053501040060;50 MG COM CT  BL AL PLAS TRANS X 30;Positiva;Tarja Vermelha
12,72;1053501040095;25 MG COM CT BL AL PLAS TRANS X 60;Positiva;Tarja Vermelha
12,2;1053501100039;1000 MG COM CT BL AL PLAS PVC TRANS X 2;Negativa;Tarja Vermelha
21,11;1053501100047;1000 MG COM CT BL AL PLAS PVC TRANS X 4;Negativa;Tarja Vermelha
9,33;1053501210012;10 MG/G CREM DERM CT BG AL X 20 G;Negativa;Tarja Preta (**)
6,86;1053501230048;40 MG COM CT 2 ENV AL POLIET X 10;Negativa;Tarja Preta (**)
5,84;1053501230099;75 MG/ML EMU OR CT FR PLAS OPC GOT X 15 ML;Negativa;Tarja Preta (**)
12,54;1053501240035;100 MG COM CT BL AL PLAS INC X 12;Positiva;Tarja Vermelha (**)
12,54;1053501240043;100 MG COM CT BL AL TRANS PVC/PVDC X 12;Positiva;Tarja Vermelha
12,54;1053501240051;100 MG COM CT BL AL PLAS PVC TRANS  X 12;Positiva;Tarja Vermelha
11,59;1053501320020;"3 MG / ML XPE CT FR VD AMB X 120 ML&nbsp;01";Negativa;Tarja Preta (**)
16,61;1053501320039;6 MG / ML XPE CT FR VD AMB X 120 ML;Negativa;Tarja Preta (**)
11,59;1053501320055;3 MG/ML XPE CT FR VD AMB X 120 ML+ COP;Negativa;Tarja Preta (**)
16,61;1053501320063;6 MG/ML XPE CT FR VD AMB X 120 ML+ COP;Negativa;Tarja Preta (**)
10,15;1053501390053;SOL OR CX FR PLAS TRANS X 450 ML(SABOR NATURAL);Negativa;Tarja Preta (**)
10,15;1053501390061;SOL OR CX FR PLAS TRANS X 450 ML(SABOR UVA);Negativa;Tarja Preta (**)
10,15;1053501390071;SOL OR CX FR PLAS TRANS X 450 ML(SABOR FRAMBOESA);Negativa;Tarja Preta (**)
10,15;1053501390088;SOL OR CX FR PLAS TRANS X 450 ML(SABOR LARANJA);Negativa;Tarja Preta (**)
23,95;1053501400024;500 MG COM REV CT BL AL PLAS TRANS X 14;Positiva;Tarja Vermelha sob restrio
11,76;1053501410011;0,8 MG/ML XPE CT FR PLAS AMBX 120ML + COP;Negativa;Tarja Preta (**)
15,11;1053501410046;1,6 MG/ML XPE CT FR PLAS AMBX 120ML + COP;Negativa;Tarja Preta (**)
12,84;1053501420017;0,4 MG/ML + 0,05 MG/ML XPE CT FR PLAS AMB X 120 ML + CP MED;Negativa;Tarja Vermelha (**)
14,25;1053501430012;1 MG/ML XPE CT FR PLAS AMB X 100 ML + COP;Negativa;Tarja Sem Tarja
12,21;1053501440018;30 MG/ML SOL NAS CT FR PET AMB SPR X 60 ML;Negativa;Tarja Preta (**)
7;1053501470014;0,5 MG/ML SOL NAS CT FR PLAS OPC GOT X 30 ML;Negativa;Tarja Vermelha (**)
9,65;1053501480011;0,5 MG/G CREM DERM CT BG AL X 30G;Negativa;Tarja Vermelha
14,12;1053501490015;10 MG/G CREM DERM CT BG AL X 20 G;Negativa;Tarja Sem Tarja
7,88;1053501500010;0,250 MG/ML SOL INAL CT FR VD AMB X 20 ML;Positiva;Tarja Vermelha
22,89;1053501510016;10 MG/G CREM VAG CT BG AL X 40 G + 7 APLIC;Negativa;Tarja Vermelha
6,66;1053501520011;0,5 MG/ML SOL NAS CT FR PLAS OPC GOT X 30 ML;Negativa;Tarja Vermelha (**)
32,63;1053501540012;20 MG/G + 30 MG/G CREM VAG CT BG AL X 35 G + 7 APLIC;Negativa;Tarja Vermelha
5,48;1053501560013;2 MG COM CT BL AL PLAS TRANS X 12;Negativa;Tarja Vermelha
67,03;1053501560031;2 MG COM CT BL AL PLAS TRANS X 200;Negativa;Tarja Vermelha
14,25;1053501580014;100.000 UI/G + 200 MG/G POM DERM CT BG AL X 60 G;Negativa;Tarja Sem Tarja
3,36;1053501590011;2 MG COM CT BL AL PLAS TRANS X 12;Negativa;Tarja Vermelha
44,79;1053501590036;2 MG COM CT BL AL PLAS TRANS X 200;Negativa;Tarja Vermelha
15,48;1053501600023;500 MG COM REV CT BL AL PLAS  PVC TRANS X 3;Positiva;Tarja Vermelha sob restrio
27,18;1053501600031;500 MG COM REV CT BL AL PLAS PVC TRANS X 5;Positiva;Tarja Vermelha sob restrio
28,65;1053501620024;10 MG/ML XPE CT FR PLAS AMB X 120 ML + CP MED;Positiva;Tarja Vermelha (**)
19,63;1053501640017;400 MG COM REV CT STR AL X 14;Positiva;Tarja Vermelha sob restrio
17,1;1053501660018;100.000 UI/G + 200 MG/G POM DERM CT BG AL X 60 G;Negativa;Tarja Preta (**)
10,92;1053501670013;0,5 MG/G CREM DERM CT BG AL X 30 G;Positiva;Tarja Vermelha (**)
3,56;1053501680019;20 MG/G +0,64MG/G CREM DERM CT BG AL X 10G;Negativa;Tarja Vermelha (**)
10,7;1053501680027;20 MG/G +0,64MG/G CREM DERM CT BG AL X 30 G;Negativa;Tarja Vermelha (**)
15,02;1053501700011;10MG/5ML SOL OR CT FR PLAS AMB X 100 ML;Negativa;Tarja Vermelha
15,02;1053501700036;10MG/5ML SOL OR CT FR PLAS AMB X 100 ML+ COP;Negativa;Tarja Vermelha
11,51;1053501710031;1 MG/ML SOL OR CT FR PLAS AMB X 120 ML+ COP;Negativa;Tarja Vermelha
14,13;1053501720037;20MG CAP DURA CT FR PLAS OPC X 28;Positiva;Tarja Vermelha
14,13;1053501720071;20MG CAP DURA CT BL AL PLAS TRANS X 28;Positiva;Tarja Vermelha
24,72;1053501720088;20MG CAP DURA CT BL AL PLAS TRANS X 56;Positiva;Tarja Vermelha
24,72;1053501720126;20MG CAP DURA CT FR PLAS OPC X 56;Positiva;Tarja Vermelha
19,72;1053501740011;500 MG COM REV CT BL AL PLAS PVC TRANS X 3;Positiva;Tarja Vermelha sob restrio
26,05;1053501760012;200 MG COM CT BL AL PLAS TRANS X 10;Positiva;Tarja Vermelha
64,19;1053501760039;200 MG COM CT BL AL PLAS TRANS X 30;Positiva;Tarja Vermelha
14,93;1053501770018;0,4 MG/ML + 0,05 MG/ML XPE CT FR PLAS AMB X 120 ML + COP;Negativa;Tarja Vermelha
10,04;1053501780021;20MG CAP DURA CT FR PLAS OPC X 14;Positiva;Tarja Vermelha
14,13;1053501780031;20MG CAP DURA CT FR PLAS OPC X 28;Positiva;Tarja Vermelha
24,72;1053501780099;20MG CAP DURA CT FR PLAS OPC X 56;Positiva;Tarja Vermelha
28,76;1053501790027;500 MG COM REV CT BL AL PLAS TRANS X 14;Positiva;Tarja Vermelha sob restrio
22,64;1053501800022;20 MG CAP DURA BL AL PLAS TRANS X 30;Positiva;Tarja Vermelha
8,75;1053501810044;25 MG COM CT   BL AL PLAS TRANS X 30;Positiva;Tarja Vermelha
12,8;1053501810060;50 MG COM CT  BL AL PLAS TRANS X 30;Positiva;Tarja Vermelha
12,72;1053501810095;25 MG COM CT BL AL PLAS TRANS X 60;Positiva;Tarja Vermelha
20;1053501820015;200 MG COM CT BL AL PLAS TRANS X 10;Positiva;Tarja Vermelha
49,5;1053501820031;200 MG COM CT BL AL PLAS TRANS X 30;Positiva;Tarja Vermelha
15,02;1053501840016;10MG/5ML SOL OR CT FR PLAS AMB X 100 ML;Negativa;Tarja Sem Tarja
15,02;1053501840032;10MG/5ML SOL OR CT FR PLAS AMB X 100 ML+ COP;Negativa;Tarja Sem Tarja
9,47;1053501850062;20 MG COM REV CT BL AL PLAS PVC/PE/PVDC TRANS X 30;Positiva;Tarja Vermelha
18,96;1053501850100;40 MG COM REV CT BL AL PLAS PVC/PE/PVDC TRANS X 30;Positiva;Tarja Vermelha
10,29;1053501860017;3,0 MG/ML SOL OR CT FR PLAS PET AMB X 60 ML + COP;Positiva;Tarja Vermelha
19,79;1053501860025;3,0 MG/ML SOL OR CT FR PLAS PET AMB X 120 ML + COP;Positiva;Tarja Vermelha
11,7;1053501870012;1000 MG COM CT BL AL PLAS PVC TRANS X 2;Negativa;Tarja Vermelha
20,24;1053501870020;1000 MG COM CT BL AL PLAS PVC TRANS X 4;Negativa;Tarja Vermelha
12,63;1053501880026;10 MG COM REV CT BL AL PLAS PVC/PE/PVDC TRANS X 30;Positiva;Tarja Vermelha
9,47;1053501880069;20 MG COM REV CT BL AL PLAS PVC/PE/PVDC TRANS X 30;Positiva;Tarja Vermelha
18,96;1053501880107;40 MG COM REV CT BL AL PLAS PVC/PE/PVDC TRANS X 30;Positiva;Tarja Vermelha
13,2;1053501890013;150 MG CAP CT BL AL PLAS INC X 2;Positiva;Tarja Vermelha (**)
8,27;1053501890021;150 MG CAP CT BL AL PLAS INC X 1;Positiva;Tarja Vermelha (**)
9,96;1053501910014;3,0 MG/ML SOL OR CT FR PLAS PET AMB X 60 ML + COP;Positiva;Tarja Vermelha
19,93;1053501910022;3,0 MG/ML SOL OR CT FR PLAS PET AMB X 120 ML + COP;Positiva;Tarja Vermelha
5,64;1053501920011;40MG COM CT BL AL PLAS LAR X 40;Positiva;Tarja Vermelha (**)
4,22;1053501920052;40MG COM CT BL AL PLAS LAR X 30;Positiva;- (*) 
18,84;1053501930015;150 MG CAP CT BL AL PLAS INC X 2;Positiva;Tarja Vermelha
11,82;1053501930023;150 MG CAP CT BL AL PLAS INC X 1;Positiva;Tarja Vermelha
3,64;1053501950016;1 MG/G CREM  DERM CT BG AL X 10 G;Positiva;Tarja Vermelha
13,15;1053501960011;5 MG/ML XPE CT FR PLAS AMB X 120 ML + CP MED;Positiva;Tarja Vermelha
15,65;1053501960021;10 MG/ML XPE CT FR PLAS AMB X 120 ML + CP MED;Positiva;Tarja Vermelha
42,77;1053501980020;100 MG COM CT BL AL PLAS PVC TRANS X 30;Positiva;Tarja Vermelha
7,77;1053501990018;10 MG/G CREM DERM CT BG AL X 20 G;Negativa;Tarja Sem Tarja
6,85;1053502000011;40MG COM CT BL AL PLAS LAR X 40;Positiva;Tarja Vermelha (**)
4,22;1053502000054;40MG COM CT BL AL PLAS LAR X 30;Positiva;- (*) 
8,61;1053502010017;10 MG COM CT ENV AL POLIET X 30;Positiva;Tarja Vermelha
24,37;1053502010033;20 MG COM CT ENV AL POLIET X 30;Positiva;Tarja Vermelha
10,99;1053502020012;3 MG/ML XPE CT FR VD AMB X 120 ML+ COP;Negativa;Tarja Preta (**)
13,74;1053502020020;6 MG/ML XPE CT FR VD AMB X 120 ML+ COP;Negativa;Tarja Preta (**)
12,54;1053502030018;100 MG COM CT BL AL TRANS PVC/PVDC X 12;Positiva;Tarja Vermelha
12,54;1053502030026;100 MG COM CT BL AL PLAS PVC TRANS X 12;Positiva;Tarja Vermelha
7,42;1053502040013;(5 MG + 250 UI)/G POM DERM CT BG AL X 10 G;Negativa;Tarja Sem Tarja
43,27;1053502060014;500 MG COM REV CT BL AL PLAS PVC/PVDC TRANS X 7;Positiva;Tarja Vermelha sob restrio
53,54;1053502060022;500 MG COM REV CT BL AL PLAS PVC/PVDC TRANS X 10;Positiva;Tarja Vermelha sob restrio
13,54;1053502070011;7 MG/ML XPE CT FR VD AMB X 100 ML + COP (SABOR CEREJA);Negativa;Tarja Sem Tarja
13,54;1053502070028;7 MG/ML XPE CT FR VD AMB X 100 ML + COP (SABOR MEL);Negativa;Tarja Sem Tarja
13,54;1053502070036;7 MG/ML XPE CT FR PLAS PET AMB X 100 ML + COP (SABOR CEREJA);Negativa;Tarja Sem Tarja
13,54;1053502070044;7 MG/ML XPE CT FR PLAS PET AMB X 100 ML + COP (SABOR MEL);Negativa;Tarja Sem Tarja
46,04;1053502080015;450/50 MG COM REV CT BL AL PLAS PVC/PVDC TRANS X 30;Negativa;Tarja Vermelha
80,67;1053502080023;450/50 MG COM REV CT BL AL PLAS PVC/PVDC TRANS X 60;Negativa;Tarja Vermelha
28,1;1053502090010;50 MG COM REV CT BL AL PLAS TRANS X 30;Positiva;Tarja Vermelha sob restrio
56,29;1053502090029;100 MG COM REV CT BL AL PLAS TRANS X 30;Positiva;Tarja Vermelha sob restrio
25,15;1053502100016;100 MG COM CT BL AL TRANS PVC/PVDC X 12;Positiva;Tarja Vermelha
8,36;1053502110054;750 MG COM CT BL AL PLAS AMB X 20;Negativa;- (*) 
75,32;1053502110062;750 MG COM CT BL AL PLAS AMB X 200 (EMB MULT);Negativa;- (*) 
17,81;1053502130012;100 MG COM REV BL AL PLAS TRANS X 30;Negativa;- (*) 
8,09;1053502140018;50 MG COM REV CT BL AL PLAS PVC OPC X 30;Positiva;Tarja Vermelha
16,19;1053502140034;100 MG COM REV CT BL AL PLAS PVC OPC X 30;Positiva;Tarja Vermelha
7,62;1053502150021;5 MG COM REV CT BL AL PLAS PVC TRANS X 15;Negativa;Tarja Vermelha
12,69;1053502150031;5 MG COM REV CT BL AL PLAS PVC TRANS X 30;Negativa;Tarja Vermelha
9,34;1053502150056;10 MG COM REV CT BL AL PLAS PVC TRANS X 15;Negativa;Tarja Vermelha
15,6;1053502150064;10 MG COM REV CT BL AL PLAS PVC TRANS X 30;Negativa;Tarja Vermelha
11,11;1053502160019;0,02 G/G CREM DERM CT BG AL X 20 G;Negativa;Tarja Sem Tarja
8,11;1053502170014;20 MG COM CT BL AL PLAS PVC TRANS X 10;Positiva;Tarja Vermelha
15,32;1053502170022;20 MG COM CT BL AL PLAS PVC TRANS X 20;Positiva;Tarja Vermelha
11,41;1053502180011;20 MG COM CT BL AL PLAS PVC TRANS X 10;Positiva;Tarja Vermelha
18,72;1053502180028;20 MG COM CT BL AL PLAS PVC TRANS X 20;Positiva;Tarja Vermelha
42,77;1053502240012;100 MG COM CT BL AL PLAS PVC TRANS X 30;Positiva;Tarja Vermelha
42,77;1053502250018;100 MG COM CT BL AL PLAS PVC TRANS X 30;Positiva;Tarja Vermelha
16,97;1053502260013;50 MG/ML SUS GOT OR CT FR GOT PLAS PEAD/PEBD OPC X 15 ML;Positiva;Tarja Vermelha
84,07;1053502270035;1 MG COM REV CT BL AL PLAS TRANS X 30;Positiva;Tarja Vermelha sob restrio
174,26;1053502270061;2 MG COM REV CT BL AL PLAS TRANS X 30;Positiva;Tarja Vermelha sob restrio
259,45;1053502270108;3 MG COM REV CT BL AL PLAS TRANS X 30;Positiva;Tarja Vermelha sob restrio
18,55;1053502280014;50 MG/ML SUS GOT OR CT FR GOT PLAS PEAD/PEBD OPC X 15 ML;Positiva;Tarja Vermelha
17,1;1055000260026;75 MG + 200 MG COM CT BL AL PLAS INC X 6;Positiva;Tarja Vermelha (**)
16,06;1055000350039;100 MG DRG CT BL AL PLAST TRANS X 6;Positiva;Tarja Vermelha (**)
16,42;1055000350047;10 MG/ML SUS OR CT FR VD AMB X 40 ML+ CP MED;Positiva;Tarja Vermelha (**)
13,05;1055000370018;500 MG COM CT BL AL PLAS PVC TRANS X 6;Positiva;Tarja Vermelha
12,2;1055000370026;50 MG/ML SUS OR CT FR VD AMB X 40 ML;Positiva;Tarja Vermelha
21,98;1055000470054;30 MG + 20MG CR VAG CT BG AL X 80 G;Negativa;Tarja Vermelha (**)
17,39;1055000470069;30 MG + 20MG CR VAG CT BG AL X 40 G + 7 APLIC;Negativa;Tarja Vermelha (**)
14,37;1055000680019;20 MG/ML SOL NAS CT FR PLAS OPC SPY X 15 ML;Positiva;Tarja Vermelha (**)
27,69;1055000680020;4O MG/ML SOL NAS CT FR PLAS OPC  X 13 ML;Positiva;Tarja Vermelha (**)
24,56;1055000960015;10 MG/G CREM DERM CT BG AL X 20 G;Negativa;Tarja Vermelha (**)
21,06;1055000960023;10 MG/ML SOL TOP CT FR PLAS CGT X 15 ML;Negativa;Tarja Vermelha (**)
90,67;1055000960041;80 MG/G ESMALTE P/UNHAS CT FR VD INC X 6 G;Negativa;Tarja Vermelha (**)
93,67;1055000970029;10 MG COM CT BL AL PLAS TRANS X 30;Positiva;Tarja Vermelha (**)
55,29;1055000970037;70 MG COM CT BL AL PLAS TRANS X 4;Positiva;Tarja Vermelha (**)
20,83;1055001040017;667 MG/ML XPE CT FR VD AMB X 120 ML;Negativa;Tarja Preta (**)
16,93;1055001350032;20 MG/G CREM DERM CT BG AL X 30 G;Negativa;Tarja Sem Tarja
19,92;1055001540028;1 MG COM REV CT  BL AL PLAS TRANS X 30;Negativa;Tarja Vermelha (**)
39,37;1055001650011;20 MG/G + 30 MG/G CREM VAG CT BG AL X 35 G + 7 APLIC;Negativa;Tarja Vermelha (**)
46,76;1055001720026;100 MG COM CT BL AL PLAS PVC TRANS X 30;Positiva;Tarja Vermelha
13,74;1055001810033;50MG/G POM DERM CT BG AL X 45G;Negativa;Tarja Preta (**)
11,12;1055001820020;50 MG/G POM DERM CT BG AL X 45 G;Negativa;Tarja Sem Tarja
50,43;1055001840048;875 MG + 125 MG COM REV CT FR VD AMB X 14;Positiva;Tarja Vermelha (**)
34,67;1055001850019;80 MG/ML + 11,4 MG/ML PO SUS OR CT FR VD AMB X 70 ML + SER DOS;Positiva;Tarja Vermelha sob restrio
10,57;1055001860014;100 MG COM CT BL AL PLAS INC X 12;Positiva;Tarja Vermelha (**)
11,29;1055001870095;16 MG COM CT BL AL PLAS TRANS X 30;Negativa;Tarja Vermelha
15,12;1055001870141;24 MG COM CT BL AL PLAS TRANS X 30;Negativa;Tarja Vermelha
10,75;1055001890010;6 MG COM CT BL AL PLAS INC X 2;Positiva;Tarja Vermelha
15,74;1055001890029;6 MG COM CT BL AL PLAS INC X 4;Positiva;Tarja Vermelha
14,13;1055001900032;10MG/5ML SOL OR CT FR PLAS AMB X 100 ML+ COP;Negativa;Tarja Vermelha
6,38;1055001910011;150 MG CAP DURA CT BL AL PLAS INC X 1;Positiva;Tarja Vermelha
10,26;1055001910038;150 MG CAP DURA CT BL AL PLAS INC X 2;Positiva;Tarja Vermelha
90,67;1055001920017;80 MG/G ESM CT FR VD TRANS PINC X 6 G + 2 FR PLAS X 20 ML + 24 LIXAS;Negativa;Tarja Vermelha
57,4;1055001930012;50  MG COM REV CT BL AL PLAS PVC TRANS X 28;Positiva;Tarja Vermelha
21,14;1055001940018;10 MG/G CREM CT BG AL X 20G;Negativa;Tarja Vermelha
19,96;1055001950013;667 MG/ML XPE CT FR VD AMB X 120 ML + COP (SABOR TUTTI-FRUTTI);Negativa;Tarja Preta (**)
19,96;1055001950031;667 MG/ML XPE CT FR PLAS (PET) AMB X 120 ML + COP (SABOR TUTTI-FRUTTI);Negativa;Tarja Preta (**)
15,85;1055300450578;2 MG COM CT BL AL PLAS INC X 20;Positiva;Tarja Preta (**)
203,29;1055302000138;500 MG PO LIOF INJ CT FA VD TRANS X CAPAC 10 ML;Positiva;Tarja Vermelha sob restrio
146,05;1055302000154;500 MG COM LIB PROL CT BL AL PLAS TRANS X 10;Positiva;Tarja Vermelha sob restrio
101,22;1055302000261;500 MG COM LIB PROL CT BL AL PLAS TRANS X 7;Positiva;Tarja Vermelha sob restrio
59,83;1055302000359;25 MG/ML GRAN SUS PED CT FR PLAS OPC X 60 ML + SER DOS + ADAPT;Positiva;Tarja Vermelha sob restrio
112,07;1055302000367;50 MG/ML GRAN SUS PED CT FR PLAS OPC X 60 ML + SER DOS + ADAPT;Positiva;Tarja Vermelha sob restrio
25,54;1055302030071;125 MG CAP GEL MCGRAN CT FR VD AMB X 30;Positiva;Tarja Vermelha sob restrio
81,04;1055302030207;500 MG COM REV LIB PROL CT  BL AL PLAS TRANS X 30;Positiva;Tarja Vermelha sob restrio
43,48;1055302030258;250 MG COM REV CT FR VD AMB X 30;Positiva;Tarja Vermelha sob restrio
81,05;1055302030290;500 MG COM REV CT FR VD AMB X 30;Positiva;Tarja Vermelha sob restrio
16,18;1055302030304;500 MG COM REV LIB PROL CT BL AL PLAS TRANS X 6;Positiva;Tarja Vermelha sob restrio
8,03;1055302030339;250 MG COM REV LIB PROL CT BL AL PLAS TRANS X 6;Positiva;Tarja Vermelha sob restrio
40,46;1055302030363;250 MG COM REV LIB PROL CT BL AL PLAS TRANS X 30;Positiva;Tarja Vermelha sob restrio
51,05;1055302030371;125 MG CAP GEL MCGRAN CT FR VD AMB X 60;Positiva;Tarja Vermelha sob restrio
80,25;1055302030381;250 MG COM REV LIB PROL CT BL AL PLAS TRANS X 60;Positiva;Tarja Vermelha sob restrio
161,56;1055302030398;500 MG COM REV LIB PROL CT BL AL PLAS TRANS X 60;Positiva;Tarja Vermelha sob restrio
26,86;1055302590024;0,6 U/G + 0,01 G POM DERM CT BG AL X 15 G;Negativa;Tarja Vermelha (**)
41,97;1055302590032;0,6 U/G + 0,01 G POM DERM CT BG AL X 30 G;Negativa;Tarja Vermelha (**)
71,08;1055302590040;0,6 U/G + 0,01 G POM DERM CT BG AL X 50 G;Negativa;Tarja Vermelha (**)
33,64;1055302590075;0,6 UI/G + 10 MG/G POM VAG CT BG AL X 30 G + APLIC;Negativa;Tarja Vermelha (**)
2079,68;1055302590105;0,6 U/G + 0,01 G POM DERM CT 50 BG AL X 30 G;Negativa;Tarja Vermelha (**)
44,41;1055302670060;120MG COM REV RETARD CT BL AL PLAS PVC TRANS X 20;Positiva;Tarja Vermelha (**)
34,99;1055302670087;80MG COM REV CT BL AL PLAS PVC AMB X 30;Positiva;Tarja Vermelha (**)
44,41;1055302670214;120 MG COM REV RETARD CT BL AL PLAS PVC/PVDC TRANS X 20;Positiva;Tarja Vermelha (**)
48,11;1055302680023;5 MG COM CT 2 BL AL PLAS AMB X 15;Positiva;Tarja Preta (**)
81,1;1055302680031;5 MG COM CT 4 BL AL PLAS AMB X 15;Positiva;Tarja Preta (**)
48,11;1055302680041;5 MG COM CT BL AL PLAS PVC/PVDC AMB X 30;Positiva;Tarja Vermelha (**)
81,1;1055302680058;5 MG COM CT BL AL PLAS PVC/PVDC AMB X 60;Positiva;Tarja Vermelha (**)
13,66;1055303050104;100 MG CAP GEL MICROG CT BL AL PLAS AMB X 30;Positiva;Tarja Vermelha (**)
21,67;1055303050112;200 MG CAP GEL MICROG CT BL AL PLAS AMB X 30;Positiva;Tarja Vermelha (**)
53,95;1055303080062;1,2 U/G POM DERM CT BG AL X 30 G;Negativa;Tarja Preta (**)
2490,08;1055303080135;1,2 U/G POM DERM CT 50 BG AL X 30 G;Negativa;Tarja Preta (**)
34,56;1055303080143;1,2 U/G POM DERM CT BG AL X 15 G;Negativa;Tarja Preta (**)
78,94;1055303090033;300 MG COM REV CT BL AL PLAS OPC X 30;Positiva;Tarja Vermelha
26,29;1055303090114;300 MG COM REV CT BL AL PLAS OPC X 10;Positiva;Tarja Vermelha
157,9;1055303090327;300 MG COM REV CT BL AL PLAS OPC X 60;Positiva;Tarja Vermelha
106,61;1055303140103;120 MG COM REV CT BL AL PLAS PVC/PVDC INC X 20;Negativa;- (*) 
150,09;1055303140111;120 MG COM REV CT BL AL PLAS PVC/PVDC INC X 30;Negativa;- (*) 
74,13;1055303140138;80 MG COM REV CT BL AL PLAS PVC/PVDC INC X 20;Negativa;- (*) 
104,32;1055303140146;80 MG COM REV CT BL AL PLAS PVC/PVDC INC X 30;Negativa;- (*) 
14,43;1055303150011;50 MG/ML XPE CT FR VD AMB X 100 ML;Positiva;Tarja Vermelha sob restrio
18,32;1055303150036;250 MG CAP MOLE CT FR VD AMB X 25;Positiva;Tarja Vermelha sob restrio
22,23;1055303150044;300 MG COM REV CT FR VD AMB X 25;Positiva;Tarja Vermelha sob restrio
55,53;1055303150052;500 MG COM REV CT FR PLAS OPC X 50;Positiva;Tarja Vermelha sob restrio
36,65;1055303150079;250 MG CAP MOLE CT FR VD AMB X 50;Positiva;Tarja Vermelha sob restrio
14,43;1055303150117;50 MG/ML XPE CT FR PLAS PET AMB X 100 ML + COP;Positiva;Tarja Vermelha sob restrio
11,27;1055303180016;20 MG/ML SUS OR CT FR PLAS AMB X 100 ML + SER DOS;Negativa;Tarja Sem Tarja
11,27;1055303180032;20 MG/ML SUS OR CT FR VD AMB X 100 ML + SER DOS;Negativa;Tarja Sem Tarja
14,04;1055303230013;200 UI/G GL TOP CT BG AL X 40 G;Negativa;Tarja Preta (**)
31,93;1055303290024;137 MCG COM CT BL AL AL X 30;Positiva;Tarja Vermelha
3,21;1055303290032;50 MCG COM CT BL AL AL X 10;Positiva;Tarja Vermelha
24,12;1055303290040;50 MCG COM CT BL AL AL X 30;Positiva;Tarja Vermelha
3,51;1055303290059;75 MCG COM CT BL AL/AL X 10;Positiva;Tarja Vermelha
27,03;1055303290067;75 MCG COM CT BL AL/AL X 30;Positiva;Tarja Vermelha
42,22;1055303290075;88 MCG COM CT BL AL/AL X 10;Positiva;Tarja Vermelha
27,51;1055303290083;88 MCG COM CT BL AL/AL X 30;Positiva;Tarja Vermelha
2,74;1055303290091;100 MCG COM CT BL AL/AL X 10;Positiva;Tarja Vermelha
27,98;1055303290105;100 MCG COM CT BL AL/AL X 30;Positiva;Tarja Vermelha
29,26;1055303290121;112 MCG COM CT BL AL/AL X 30;Positiva;Tarja Vermelha
30,69;1055303290148;125 MCG COM CT BL AL/AL X 30;Positiva;Tarja Vermelha
33,08;1055303290164;150 MCG COM CT BL AL/AL X 30;Positiva;Tarja Vermelha
36,37;1055303290180;175 MCG COM CT BL AL/AL X 30;Positiva;Tarja Vermelha
40,05;1055303290202;200 MCG COM CT BL AL/AL X 30;Positiva;Tarja Vermelha
2,9;1055303290210;25 MCG COM CT BL AL/AL X 10;Positiva;Tarja Vermelha
21,27;1055303290229;25 MCG COM CT BL AL/AL X 30;Positiva;Tarja Vermelha
9,03;1055303330026;50 UI/G +2,067 MG/G POM DERM CT BG AL X 40 G;Negativa;Tarja Preta (**)
43,87;1055303360014;SUS INJ CT 1 SER PREENC VD TRANS X 0,5 ML;Positiva;Tarja Vermelha (**)
438,7;1055303360081;SUS INJ CT 10 SER LONG PREENC VD TRANS S/ AGU X 0,5 ML;Positiva;Tarja Vermelha (**)
43,87;1055303360091;SUS INJ CT 1 SER LONG PREENC VD TRANS COM AGU 16MM X 0,5 ML;Positiva;Tarja Vermelha (**)
47,37;1055303370028;150 MG CAP GEL DURA CT BL AL/AL X 30 (MINIMICROESFERAS);Positiva;Tarja Vermelha (**)
94,91;1055303370060;300 MG CAP GEL DURA CT BL AL/AL X 30 (MINIMICROESFERAS);Positiva;Tarja Vermelha (**)
116,34;1055303370117;5.000 U MINIMICROESFERAS CT FR VD INC X 20 G + COL;Positiva;Tarja Vermelha
465,42;1055303370125;5.000 U MINIMICROESFERAS CT 4 FR VD INC X 20G + COL;Positiva;Tarja Vermelha
465,42;1055303370133;5.000 U MINIMICROESFERAS CT 4 FR VD INC X 20G + 4 COL;Positiva;Tarja Vermelha
22,06;1055303380015;667 MG/ML XPE CT FR PLAS HDPE OPC X 120ML+ COP;Negativa;Tarja Sem Tarja
28,44;1055303380023;667 MG/ML XPE CT FR PLAS HDPE OPC X 200ML + COP;Negativa;Tarja Sem Tarja
18,13;1055303380031;667 MG/ML XPE CT 10 ENV AL/PLAS PET/LDPE OPC X 15 ML;Negativa;Tarja Sem Tarja
12,04;1055303410011;SOL OR FR PLAS OPC X 500ML (SABOR MA);Negativa;Tarja Sem Tarja
12,04;1055303410021;SOL OR FR PLAS OPC X 500ML (SABOR UVA);Negativa;Tarja Sem Tarja
11,38;1055303420017;SOL OR FR PLAS OPC X 500 ML (SABOR MA);Negativa;Tarja Preta (**)
11,38;1055303420025;SOL OR FR PLAS OPC X 500ML (SABOR MORANGO);Negativa;Tarja Preta (**)
11,38;1055303420033;SOL OR FR PLAS OPC X 500 ML (SABOR GUARAN);Negativa;Tarja Preta (**)
23,25;1055303430020;16 MG COM CT BL AL PLAS INC X 30;Negativa;Tarja Vermelha (**)
34,97;1055303430039;24 MG COM CT BL AL PLAS INC X 30;Negativa;Tarja Vermelha (**)
60,02;1055303430047;24 MG COM CT BL AL PLAS INC X 60;Negativa;Tarja Vermelha (**)
19,67;1055303440018;1  MG + 4  MG COM CT STR AL X 30;Negativa;Tarja Sem Tarja
11,15;1055303440026;1  MG + 4  MG  COM CT STR AL X 16;Negativa;Tarja Sem Tarja
19,9;1055303470022;10 MG COM REV CT BL AL PLAS TRANS X 14;Negativa;Tarja Vermelha (**)
39,92;1055303470049;10 MG COM REV CT BL AL PLAS TRANS X 28;Negativa;Tarja Vermelha (**)
10,25;1055303480036;30 MG/ML SOL OR CT FR PLAS OPC GOT X 10 ML;Negativa;Tarja Preta (**)
14,24;1055303480044;3 MG/ML XPE ADU CT FR PLAS AMB X 120 ML + COP;Negativa;Tarja Preta (**)
11,53;1055303480052;1,5 MG/ML XPE PED CT FR PLAS AMB X 120 ML + COP;Negativa;Tarja Preta (**)
51,57;1055303490015;1 MG COM REV BCO + (1+ 10) MG COM REV CINZA CT BL AL PLAS INC X ( 14+14);Positiva;Tarja Vermelha (**)
51,57;1055303490031;(1+ 5) MG COM REV CT BL AL PLAS INC X 28 (CONTI);Positiva;Tarja Vermelha (**)
10,01;1055303500010;1 MG COM CT BL AL PLAS INC X 20;Positiva;Tarja Vermelha (**)
18,2;1055303510016;6 MG COM CT BL AL PVDC INC X 2;Positiva;Tarja Vermelha (**)
32,03;1055303510024;6 MG COM CT BL AL PVDC INC X 4;Positiva;Tarja Vermelha (**)
183,3;1055303520021;100 MG COM REV CT BL AL PLAS TRANS X 30;Positiva;Tarja Vermelha sob restrio
47,56;1055303520054;50 MG COM REV CT BL AL PLAS TRANS X 15;Positiva;Tarja Vermelha sob restrio
95,2;1055303520062;50 MG COM REV CT BL AL PLAS TRANS X 30;Positiva;Tarja Vermelha sob restrio
366,57;1055303520070;100 MG COM REV CT BL AL PLAS TRANS X 60;Positiva;Tarja Vermelha sob restrio
103,54;1055303530017;200 MG CAP DURA LIB PROL CT BL AL/AL X 30;Negativa;Tarja Vermelha
207,07;1055303530041;200 MG CAP DURA LIB PROL CT BL AL/AL X 60;Negativa;Tarja Vermelha
165,28;1055303560048;(100 + 200) MG CAP DURA CT BL AL PLAS PVC 250 PVDC 90 TRANS X 30;Negativa;Tarja Vermelha
52,46;1055303560056;(100 + 200) MG CAP DURA CT BL AL PLAS PVC 250 PVDC 90 TRANS X 10;Negativa;Tarja Vermelha
272,17;1055303560072;(100 + 200) MG CAP DURA CT BL AL PLAS PVC 250 PVDC 90 TRANS X 90;Negativa;Tarja Vermelha
23,96;1055303570027;263,2 MG COM REV LIB RET BL AL PLAS INC X 20;Negativa;- (*) 
37,21;1055303570035;263,2 MG COM REV LIB RET BL AL PLAS INC X 30;Negativa;- (*) 
53,08;1055303570051;263,2 MG COM REV LIB RET BL AL PLAS INC X 60;Negativa;- (*) 
103,59;1055303580081;200 MG CAP GEL DURA CT BL AL PLAS PVC/PVDC TRANS X 30;Positiva;Tarja Vermelha
82,88;1055303580146;160 MG COM REV CT BL AL PLAS PVC/PVDC TRANS X 30;Positiva;Tarja Vermelha
165,77;1055303580154;160 MG COM REV CT BL AL PLAS PVC/PVDC TRANS X 60;Positiva;Tarja Vermelha
248,65;1055303580162;160 MG COM REV CT BL AL PLAS PVC/PVDC TRANS X 90;Positiva;Tarja Vermelha
67,29;1055303590011;200 MG CAP DURA LIB PROL CT BL AL/AL X 30;Negativa;Tarja Vermelha
31,39;1055303590028;200 MG CAP DURA LIB PROL CT BL AL/AL X 14;Negativa;Tarja Vermelha
134,56;1055303590044;200 MG CAP DURA LIB PROL CT BL AL/AL X 60;Negativa;Tarja Vermelha
62,5;1055303600015;100 MG COM REV CT BL AL PLAS TRANS X 15;Positiva;Tarja Vermelha (**)
115,86;1055303600023;100 MG COM REV CT BL AL PLAS TRANS X 30;Positiva;Tarja Vermelha (**)
16,02;1055303600041;50 MG COM REV CT BL AL PLAS TRANS X 8;Positiva;Tarja Vermelha (**)
30,06;1055303600058;50 MG COM REV CT BL AL PLAS TRANS X 15;Positiva;Tarja Vermelha (**)
60,17;1055303600066;50 MG COM REV CT BL AL PLAS TRANS X 30;Positiva;Tarja Vermelha (**)
221,8;1055303600074;100 MG COM REV CT BL AL PLAS TRANS X 60;Positiva;Tarja Vermelha (**)
51,3;1055303610037;300 MG COM REV CT BL AL PLAS OPC X 30;Positiva;Tarja Vermelha (**)
102,57;1055303610061;300 MG COM REV CT BL AL PLAS OPC X 60;Positiva;Tarja Vermelha (**)
66,03;1055303650081;200 MG CAP GEL DURA CT BL AL PLAS PVC/PVDC TRANS X 30;Positiva;Tarja Vermelha
53,87;1055303650144;160 MG COM REV CT BL AL PLAS PVC/PVDC TRANS X 30;Positiva;Tarja Vermelha
16,02;1055303660034;125 MG CAP GEL MCGRAN CT FR VD AMB X 30;Positiva;Tarja Vermelha sob restrio
52,52;1055303660115;500 MG COM REV LIB PROL CT  BL AL PLAS TRANS X 30;Positiva;Tarja Vermelha sob restrio
27,48;1055303660190;250 MG COM REV CT FR VD AMB X 30;Positiva;Tarja Vermelha sob restrio
51,22;1055303660239;500 MG COM REV CT FR VD AMB X 30;Positiva;Tarja Vermelha sob restrio
10,2;1055303660247;500 MG COM REV LIB PROL CT BL AL PLAS TRANS X 6;Positiva;Tarja Vermelha sob restrio
5,34;1055303660255;125 MG CAP GEL MCGRAN CT FR VD AMB X 10;Positiva;Tarja Vermelha sob restrio
5,08;1055303660271;250 MG COM REV LIB PROL CT BL AL PLAS TRANS X 6;Positiva;Tarja Vermelha sob restrio
26,08;1055303660301;250 MG COM REV LIB PROL CT BL AL PLAS TRANS X 30;Positiva;Tarja Vermelha sob restrio
32,05;1055303660311;125 MG CAP GEL MCGRAN CT FR VD AMB X 60;Positiva;Tarja Vermelha sob restrio
50,71;1055303660328;250 MG COM REV LIB PROL CT BL AL PLAS TRANS X 60;Positiva;Tarja Vermelha sob restrio
102,11;1055303660336;500 MG COM REV LIB PROL CT  BL AL PLAS TRANS X 60;Positiva;Tarja Vermelha sob restrio
183,3;1055303670021;100 MG COM REV CT BL AL PLAS TRANS X 30;Positiva;Tarja Vermelha (**)
25,36;1055303670048;50 MG COM REV CT BL AL PLAS TRANS X 8;Positiva;Tarja Vermelha (**)
95,15;1055303670064;50 MG COM REV CT BL AL PLAS TRANS X 30;Positiva;Tarja Vermelha (**)
366,57;1055303670072;100 MG COM REV CT BL AL PLAS TRANS X 60;Positiva;Tarja Vermelha (**)
50,51;1055303680019;1 MG COM REV BCO + (1+ 10) MG COM REV CINZA CT BL AL PLAS INC X ( 14+14);Positiva;Tarja Vermelha (**)
50,51;1055303680035;(1+ 5) MG COM REV CT BL AL PLAS INC X 28 (CONTI);Positiva;Tarja Vermelha (**)
19,9;1055303720029;10 MG COM REV CT BL AL PLAS TRANS X 14;Negativa;Tarja Vermelha (**)
39,87;1055303720045;10 MG COM REV CT BL AL PLAS TRANS X 28;Negativa;Tarja Vermelha (**)
20,15;1055303730032;125 MG CAP GEL MCGRAN CT FR VD AMB X 30;Positiva;Tarja Vermelha sob restrio
80,91;1055303730091;500 MG COM REV LIB PROL CT  BL AL PLAS TRANS X 30;Positiva;Tarja Vermelha sob restrio
40,23;1055303730172;250 MG COM REV CT FR VD AMB X 30;Positiva;Tarja Vermelha sob restrio
80,58;1055303730210;500 MG COM REV CT FR VD AMB X 30;Positiva;Tarja Vermelha sob restrio
16,18;1055303730229;500 MG COM REV LIB PROL CT BL AL PLAS TRANS X 6;Positiva;Tarja Vermelha sob restrio
8,03;1055303730253;250 MG COM REV LIB PROL CT BL AL PLAS TRANS X 6;Positiva;Tarja Vermelha sob restrio
40,23;1055303730288;250 MG COM REV LIB PROL CT BL AL PLAS TRANS X 30;Positiva;Tarja Vermelha sob restrio
80,25;1055303730301;250 MG COM REV LIB PROL CT BL AL PLAS TRANS X 60;Positiva;Tarja Vermelha sob restrio
161,56;1055303730318;500 MG COM REV LIB PROL CT BL AL PLAS TRANS X 60;Positiva;Tarja Vermelha sob restrio
103,52;1055303740011;200 MG CAP DURA LIB PROL CT BL AL/AL X 30;Negativa;Tarja Vermelha (**)
48,29;1055303740021;200 MG CAP DURA LIB PROL CT BL AL/AL X 14;Negativa;Tarja Vermelha (**)
207,04;1055303740046;200 MG CAP DURA LIB PROL CT BL AL/AL X 60;Negativa;Tarja Vermelha (**)
34,21;1055303750025;50MG COM REV CT BL AL PLAS TRANS X 20;Negativa;Tarja Vermelha (**)
51,32;1055303750033;50MG COM REV CT BL AL PLAS TRANS X 30;Negativa;Tarja Vermelha (**)
102,63;1055303750041;50MG COM REV CT BL AL PLAS TRANS X 60;Negativa;Tarja Vermelha (**)
51,37;1055303750068;100 MG COM REV CT BL AL PLAS TRANS X 20;Negativa;Tarja Vermelha (**)
77,05;1055303750076;100 MG COM REV CT BL AL PLAS TRANS X 30;Negativa;Tarja Vermelha (**)
154,11;1055303750084;100 MG COM REV CT BL AL PLAS TRANS X 60;Negativa;Tarja Vermelha (**)
14,43;1055303760012;50 MG/ML XPE CT FR VD AMB X 100 ML;Positiva;Tarja Vermelha (**)
18,32;1055303760020;250 MG CAP MOLE CT FR VD AMB X 25;Positiva;Tarja Vermelha sob restrio
55,53;1055303760047;500 MG COM REV CT FR PLAST OPC X 50;Positiva;Tarja Vermelha (**)
33,7;1055303770026;200 MG CAP GEL DURA CT BL AL PLAS PVC/PVDC TRANS X 10;Positiva;Tarja Vermelha
101,1;1055303770085;200 MG CAP GEL DURA CT BL AL PLAS PVC/PVDC TRANS X 30;Positiva;Tarja Vermelha
26,96;1055303770115;160 MG COM REV CT BL AL PLAS PVC/PVDC TRANS X 10;Positiva;Tarja Vermelha
80,87;1055303770141;160 MG COM REV CT BL AL PLAS PVC/PVDC TRANS X 30;Positiva;Tarja Vermelha
17,17;1055303780013;5 MG COM CT BL AL PLAS PVC/PE/PVDC TRANS X 7;Negativa;Tarja Vermelha
73,55;1055303780048;5 MG COM CT BL AL PLAS  PVC/PE/PVDC TRANS X 30;Negativa;Tarja Vermelha
9,1;1055303790019;50 MG/ML XPE CT FR VD AMB X 100 ML;Positiva;Tarja Vermelha (**)
11,59;1055303790027;250 MG CAP MOLE CT FR VD AMB X 25;Positiva;Tarja Vermelha sob restrio
14,05;1055303790035;300 MG COM REV CT FR VD AMB X 25;Positiva;Tarja Vermelha (**)
23,15;1055303790061;250 MG CAP MOLE CT FR VD AMB X 50;Positiva;Tarja Vermelha sob restrio
35,09;1055303790086;500 MG COM REV CT FR VD AMB X 50;Positiva;Tarja Vermelha (**)
66,48;1055303800030;300 MG COM REV CT BL AL PLAS OPC X 30;Positiva;Tarja Vermelha
22,17;1055303800049;300 MG COM REV CT BL AL PLAS OPC X 10;Positiva;Tarja Vermelha
132,95;1055303800065;300 MG COM REV CT BL AL PLAS OPC X 60;Positiva;Tarja Vermelha
197,67;1055303810011;500 MG PO LIOF INJ CT FA VD TRANS X CAPAC 10 ML;Positiva;Tarja Vermelha sob restrio
141,32;1055303810028;500 MG COM LIB PROL CT BL AL PLAS TRANS X 10;Positiva;Tarja Vermelha sob restrio
98,43;1055303810036;500 MG COM LIB PROL CT BL AL PLAS TRANS X 7;Positiva;Tarja Vermelha sob restrio
52,46;1055303810060;25 MG/ML GRAN SUS PED CT FR PLAS OPC X 60 ML + SER DOS + ADAPT;Positiva;Tarja Vermelha sob restrio
98,28;1055303810079;50 MG/ML GRAN SUS PED CT FR PLAS OPC X 60 ML + SER DOS + ADAPT;Positiva;Tarja Vermelha sob restrio
41,43;1055303830010;SUS INJ CT SER LONG PREENC VD TRANS C/ AGU 16 MM X 0,5 ML;Positiva;Tarja Vermelha
41,43;1055303830029;SUS INJ CT SER LONG PREENC VD TRANS C/ AGU 25 MM X 0,5 ML;Positiva;Tarja Vermelha
41,43;1055303830037;SUS INJ CT SER LONG PREENC VD TRANS S/ AGU X 0,5 ML;Positiva;Tarja Vermelha
207,14;1055303830045;SUS INJ CT 5 SER LONG PREENC VD TRANS C/ AGU 16 MM X 0,5 ML;Positiva;Tarja Vermelha
207,14;1055303830053;SUS INJ CT 5 SER LONG PREENC VD TRANS C/ AGU 25 MM X 0,5 ML;Positiva;Tarja Vermelha
207,14;1055303830061;SUS INJ CT 5 SER LONG PREENC VD TRANS S/ AGU X 0,5 ML;Positiva;Tarja Vermelha
414,31;1055303830071;SUS INJ CT 10 SER LONG PREENC VD TRANS C/ AGU 16 MM X 0,5 ML;Positiva;Tarja Vermelha
414,31;1055303830088;SUS INJ CT 10 SER LONG PREENC VD TRANS C/ AGU 25 MM X 0,5 ML;Positiva;Tarja Vermelha
414,31;1055303830096;SUS INJ CT 10 SER LONG PREENC VD TRANS S/ AGU X 0,5 ML;Positiva;Tarja Vermelha
828,57;1055303830101;SUS INJ CT 20 SER LONG PREENC VD TRANS C/ AGU 16 MM X 0,5 ML;Positiva;Tarja Vermelha
828,57;1055303830118;SUS INJ CT 20 SER LONG PREENC VD TRANS C/ AGU 25 MM X 0,5 ML;Positiva;Tarja Vermelha
828,57;1055303830126;SUS INJ CT 20 SER LONG PREENC VD TRANS S/ AGU X 0,5 ML;Positiva;Tarja Vermelha
3,64;1055303840016;1000 UI CAP GEL MOLE CT BL AL PLAS TRANS X 4;Negativa;Tarja Vermelha (**)
7,27;1055303840024;1000 UI CAP GEL MOLE CT BL AL PLAS TRANS X 8;Negativa;Tarja Vermelha (**)
13,62;1055303840032;1000 UI CAP GEL MOLE CT BL AL PLAS TRANS X 15;Negativa;Tarja Vermelha (**)
27,25;1055303840040;1000 UI CAP GEL MOLE CT BL AL PLAS TRANS X 30;Negativa;Tarja Vermelha (**)
4,02;1055303840059;2000 UI CAP GEL MOLE CT BL AL PLAS TRANS X 4;Negativa;Tarja Vermelha (**)
8,03;1055303840067;2000 UI CAP GEL MOLE CT BL AL PLAS TRANS X 8;Negativa;Tarja Vermelha (**)
15,07;1055303840075;2000 UI CAP GEL MOLE CT BL AL PLAS TRANS X 15;Negativa;Tarja Vermelha (**)
30,15;1055303840083;2000 UI CAP GEL MOLE CT BL AL PLAS TRANS X 30;Negativa;Tarja Vermelha (**)
9,57;1055303840091;5000 UI CAP GEL MOLE CT BL AL PLAS TRANS X 4;Negativa;Tarja Vermelha (**)
19,16;1055303840105;5000 UI CAP GEL MOLE CT BL AL PLAS TRANS X 8;Negativa;Tarja Vermelha (**)
35,93;1055303840113;5000 UI CAP GEL MOLE CT BL AL PLAS TRANS X 15;Negativa;Tarja Vermelha (**)
71,85;1055303840121;5000 UI CAP GEL MOLE CT BL AL PLAS TRANS X 30;Negativa;Tarja Vermelha (**)
21,46;1055303840131;7000 UI CAP GEL MOLE CT BL AL PLAS TRANS X 4;Negativa;Tarja Vermelha (**)
42,89;1055303840148;7000 UI CAP GEL MOLE CT BL AL PLAS TRANS X 8;Negativa;Tarja Vermelha (**)
80,41;1055303840156;7000 UI CAP GEL MOLE CT BL AL PLAS TRANS X 15;Negativa;Tarja Vermelha (**)
160,85;1055303840164;7000 UI CAP GEL MOLE CT BL AL PLAS TRANS X 30;Negativa;Tarja Vermelha (**)
30,49;1055303840172;10000 UI CAP GEL MOLE CT BL AL PLAS TRANS X 4;Negativa;Tarja Vermelha (**)
60,98;1055303840180;10000 UI CAP GEL MOLE CT BL AL PLAS TRANS X 8;Negativa;Tarja Vermelha (**)
114,34;1055303840199;10000 UI CAP GEL MOLE CT BL AL PLAS TRANS X 15;Negativa;Tarja Vermelha (**)
228,65;1055303840202;10000 UI CAP GEL MOLE CT BL AL PLAS TRANS X 30;Negativa;Tarja Vermelha (**)
138,18;1055303840210;50000 UI CAP GEL MOLE CT BL AL PLAS TRANS X 4;Negativa;Tarja Vermelha (**)
276,36;1055303840229;50000 UI CAP GEL MOLE CT BL AL PLAS TRANS X 8;Negativa;Tarja Vermelha (**)
518,16;1055303840237;50000 UI CAP GEL MOLE CT BL AL PLAS TRANS X 15;Negativa;Tarja Vermelha (**)
1036,34;1055303840245;50000 UI CAP GEL MOLE CT BL AL PLAS TRANS X 30;Negativa;Tarja Vermelha (**)
17,33;1055303860017;450 + 50 MG COM REV CT BL AL PLAS PVC/PVDC TRANS X 10;Negativa;Tarja Vermelha
51,99;1055303860025;450 + 50 MG COM REV CT BL AL PLAS PVC/PVDC TRANS X 30;Negativa;Tarja Vermelha
103,99;1055303860033;450 + 50 MG COM REV CT BL AL PLAS PVC/PVDC TRANS X 60;Negativa;Tarja Vermelha
71,36;1055303870020;10 MG COM REV CT BL AL PLAS PVC/PVDC TRANS X 10;Positiva;Tarja Vermelha
214,08;1055303870039;10 MG COM REV CT BL AL PLAS PVC/PVDC TRANS X 30;Positiva;Tarja Vermelha
99,88;1055303870063;15 MG COM REV CT BL AL PLAS PVC/PVDC TRANS X 14;Positiva;Tarja Vermelha
199,75;1055303870071;15 MG COM REV CT BL AL PLAS PVC/PVDC TRANS X 28;Positiva;Tarja Vermelha
101,23;1055303870111;20 MG COM REV CT BL AL PLAS PVC/PVDC TRANS X 14;Positiva;Tarja Vermelha
202,45;1055303870128;20 MG COM REV CT BL AL PLAS PVC/PVDC TRANS X 28;Positiva;Tarja Vermelha
56,55;1055303880026;75 MG CAP DURA CT BL AL PLAS PVC/PVDC TRANS X 14;Positiva;Tarja Vermelha sob restrio
113,11;1055303880034;75 MG CAP DURA CT BL AL PLAS PVC/PVDC TRANS X 28;Positiva;Tarja Vermelha sob restrio
86,72;1055303880069;150 MG CAP DURA CT BL AL PLAS PVC/PVDC TRANS X 14;Positiva;Tarja Vermelha sob restrio
173,45;1055303880077;150 MG CAP DURA CT BL AL PLAS PVC/PVDC TRANS X 28;Positiva;Tarja Vermelha sob restrio
95,7;1057000500016;SOL TOP CT 24 FLAC X 3 ML;Negativa;- (*) 
9,58;1057100040054;50 MG COM REV CT BL AL PLAS INC X 50;Negativa;Tarja Preta (**)
14,64;1057100040070;5MG/ML XPE CT FR PLAS AMB X 100ML;Negativa;Tarja Preta (**)
7,34;1057100040089;125 MG/ML SOL OR CT FR PLAS OPC X 30ML;Negativa;Tarja Preta (**)
9,14;1057100040097;40 MG COM REV CT BL AL PLAS INC X 50;Negativa;Tarja Preta (**)
91,59;1057100040100;40 MG COM REV CT BL AL PLAS INC X 500;Negativa;Tarja Preta (**)
163,17;1057100040119;40 MG COM REV CT BL AL PLAS INC X 1000;Negativa;Tarja Preta (**)
10,11;1057100050130;SOL OR GOT CT FR PLAS OPC  X 30 ML;Negativa;- (*) 
7,99;1057100050149;XPE CT FR PLAS AMB X 100 ML;Negativa;- (*) 
6,92;1057100060063;500MG+30MG+2MG COM REV CT BL AL PLAS INC X 6 AM + 6  VER;Negativa;- (*) 
75,86;1057100060071;500MG+30MG+2MG COM REV CT BL AL PLAS INC X 60 AM + 60  VER(EMB MULT);Negativa;Tarja Preta (**)
6,82;1057100070069;3 MG PAS CT STR X 12;Negativa;- (*) 
7,91;1057100070077;1,5 MG/ML COLUT SPR CT FR VD INC NEB X 30 ML;Negativa;- (*) 
23,11;1057100090051;COM REV CT FR PLAS AMB X 30;Negativa;- (*) 
16,07;1057100120010;50 MG/G POM DERM CT BG AL X 30 G;Negativa;Tarja Preta (**)
16,07;1057100120036;50 MG/G SAB CT SAC PLAS X 75 G;Negativa;Tarja Preta (**)
7,37;1057100120058;50 MG/ML LOC CT FR PLAS OPC X 30 ML;Negativa;Tarja Preta (**)
20,3;1057100190049;20 MG / G PO TOP CT TB PLAS X 30 G;Positiva;Tarja Vermelha
12,54;1057100190057;20 MG/ ML LOC TOP  FR PLAS OPC X 30 ML;Positiva;Tarja Vermelha
17,54;1057100190065;20 MG /G CREM DERM CT BG AL X 28 G;Positiva;Tarja Vermelha
50,8;1057100190072;20 MG/G CREM VAG CT BG AL X 80 G + 14 APLIC;Positiva;Tarja Vermelha
9,88;1057100260021;0,40 MG/ML XPE CT FR PLAS PET AMB X 100 ML+ COP;Positiva;Tarja Vermelha
5,27;1057100320022;100 MG COM CT BL AL PLAS AMB X 6;Positiva;Tarja Preta (**)
4,96;1057100320030;20 MG/ML SUS OR CT FR PLAS AMB X 30 ML;Negativa;Tarja Preta (**)
13,06;1057100350010;0,01 G/ML LOC CT FR PLAS OPC X 60 ML;Negativa;Tarja Sem Tarja
12,22;1057100360067;30 MG/ML SOL NAS CT FR SPR PLAS AMB X 60 ML;Negativa;Tarja Preta (**)
12,18;1057100380025;0,1 MG/ML ELX CT FR VD AMB X 100 ML;Positiva;Tarja Vermelha
13,71;1057100400012;5,0 MG/G POM DERM CT TB AL X 20 G;Negativa;Tarja Preta (**)
12,74;1057100810011;0,20 MG/ML SHAMP CT FR PLAS OPC X 100 ML;Negativa;Tarja Vermelha (**)
12,29;1057100810038;0,20 MG/ML LOC CT FR PLAS OPC X 100 ML;Negativa;Tarja Vermelha (**)
12,45;1057100820017;(5 MG + 250 UI)/G POM DERM CT BG AL X 15 G;Negativa;Tarja Sem Tarja
9,3;1057100820025;(5 MG + 250 UI)/G POM DERM CT BG AL X 10 G;Positiva;Tarja Sem Tarja
11,1;1057100830071;20 MG CAP GEL DURA CT BL AL PLAS INC  X 14;Positiva;Tarja Vermelha (**)
18,87;1057100830081;20 MG CAP GEL DURA CT BL AL PLAS INC  X 28;Positiva;Tarja Vermelha (**)
40,03;1057100830098;20 MG CAP GEL DURA CT BL AL PLAS INC X 56;Positiva;Tarja Vermelha (**)
22,55;1057100830128;40 MG CAP GEL DURA CT BL AL PLAS INC  X 28;Positiva;Tarja Vermelha (**)
45,08;1057100830136;40 MG CAP GEL DURA CT BL AL PLAS INC  X 56;Positiva;Tarja Vermelha (**)
6,57;1057100840034;150 MG CAP DURA CT BL AL PLAS AMB X 1;Positiva;Tarja Vermelha (**)
11,93;1057100840042;150 MG CAP DURA CT BL AL PLAS AMB X 2;Positiva;Tarja Vermelha (**)
6,57;1057100840050;150 MG CAP DURA CT BL AL PLAS TRANS X 1;Positiva;- (*) 
11,93;1057100840069;150 MG CAP DURA CT BL AL PLAS TRANS X 2;Positiva;- (*) 
7,28;1057100860027;4,0 MG/ML SOL OR CT FR PLAS OPC GOT X 10 ML;Negativa;Tarja Vermelha
8,99;1057100860035;10 MG COM CT BL AL PLAS TRANS X 20;Negativa;Tarja Vermelha
79,95;1057100860043;4,0 MG/ML SOL OR CT 25 FR PLAS OPC GOT X 10 ML;Negativa;Tarja Vermelha
159,89;1057100860051;4,0 MG/ML SOL OR CT 50 FR PLAS OPC GOT X 10 ML;Negativa;Tarja Vermelha
169,79;1057100860061;10 MG COM CT BL AL PLAS TRANS X 500;Negativa;Tarja Vermelha
339,6;1057100860078;10 MG COM CT BL AL PLAS TRANS X 1000;Negativa;Tarja Vermelha
679,2;1057100860086;10 MG COM CT BL AL PLAS TRANS X 2000;Negativa;Tarja Vermelha
8,77;1057100870014;40 MG COM CT BL AL PLAS TRANS X 20;Positiva;Tarja Vermelha (**)
26,03;1057100940012;20MG+0,5MG+2,5MG CREM DERM CT BG AL X 30 G;Positiva;Tarja Vermelha (**)
8,72;1057100960099;5 MG COM CT STR X 30;Positiva;Tarja Vermelha
13,17;1057100960110;10 MG COM CT STR X 30;Positiva;Tarja Vermelha
19,52;1057100960137;20 MG COM CT STR X 30;Positiva;Tarja Vermelha
145,58;1057100960145;5 MG COM CT STR X 500;Positiva;Tarja Vermelha
291,2;1057100960153;5 MG COM CT STR X 1000;Positiva;Tarja Vermelha
219,65;1057100960161;10 MG COM CT STR X 500;Positiva;Tarja Vermelha
439,3;1057100960171;10 MG COM CT STR X 1000;Positiva;Tarja Vermelha
345,81;1057100960188;20 MG COM CT STR X 500;Positiva;Tarja Vermelha
691,63;1057100960196;20 MG COM CT STR X 1000;Positiva;Tarja Vermelha
11,93;1057100970019;10 MG/G CREM DERM CT BG AL X 20 G;Negativa;Tarja Sem Tarja
23,57;1057100970027;10 MG/ML SOL TOP CT FR VD AMB SPRAY X 20 ML;Negativa;Tarja Sem Tarja
16,99;1057100970043;10 MG/ML SOL TOP CT FR PLAS OPC GOT X 30 ML;Negativa;Tarja Sem Tarja
12,02;1057100990011;40 MG + 13,6 MG + 10 MG GEL CT BG AL X 20 G;Negativa;Tarja Sem Tarja
18,29;1057101030036;100 MG/G GEL CT BG AL X 50 G + 10 APLIC;Positiva;Tarja Vermelha (**)
9,45;1057101070011;250 MG + 10 MG COM REV CT BL AL PLAS TRANS X 20;Negativa;Tarja Vermelha
8,97;1057101070089;333,4 MG/ML + 6,67 MG/ML SOL OR CT FR GOT PLAS OPC X 20 ML;Negativa;Tarja Vermelha
12,39;1057101100018;20 MG/G CREM DERM CT BG AL X 30 G;Negativa;Tarja Vermelha (**)
9,42;1057101150058;25 MG COM CT BL AL PLAS PVDC TRANS X 30;Positiva;Tarja Vermelha
16,28;1057101150082;50 MG COM CT BL AL PLAS PVDC TRANS X 30;Positiva;Tarja Vermelha
20,45;1057101160029;400 MG COM REV CT FR VD AMB X 14;Positiva;Tarja Vermelha (**)
6,42;1057101200012;50 MG COM REV CT BL AL PLAS TRANS X 20;Positiva;Tarja Vermelha (**)
18,5;1057101200020;10 MG/G GEL TOP CT BG AL X 60 G;Negativa;Tarja Sem Tarja
887,72;1057101200081;10 MG/G GEL TOP CT 50 BG AL X 60 G;Negativa;Tarja Sem Tarja
20,45;1057101220072;500 MG COM REV CT BL AL PLAS INC X 3;Positiva;Tarja Vermelha (**)
11,29;1057101250028;40 MG/ML SUS OR CT FR PLAS AMB X 100 ML + COP MED;Positiva;Tarja Vermelha sob restrio
564,98;1057101250036;40 MG/ML SUS OR CT 50 FR PLAS AMB X 100 ML + 50 COP MED;Positiva;Tarja Vermelha sob restrio
1129,96;1057101250044;40 MG/ML SUS OR CT 100 FR PLAS AMB X 100 ML + 100 COP MED;Positiva;Tarja Vermelha sob restrio
13,82;1057101300033;(800 + 160) MG COM CT BL AL PLAS AMB X 10;Positiva;Tarja Vermelha (**)
12,98;1057101300076;(400 + 80) MG COM CT BL AL PLAS AMB X 20;Positiva;Tarja Vermelha (**)
53,36;1057101330013;750 MG COM CT BL AL PLAS AMB X 200;Negativa;Tarja Sem Tarja
7,5;1057101330021;750 MG COM CT BL AL PLAS AMB X 12;Negativa;Tarja Sem Tarja
4,96;1057101330031;200 MG/ML SOL OR CT FR GOT PLAS OPC  X 15 ML;Negativa;Tarja Sem Tarja
12,5;1057101330072;750 MG COM CT BL AL PLAS AMB X 20;Negativa;Tarja Sem Tarja
375,14;1057101330080;750 MG COM CT BL AL PLAS AMB X 600;Negativa;Tarja Sem Tarja
124,25;1057101330099;200 MG/ML SOL OR CT 25 FR GOT PLAS OPC  X 15 ML;Negativa;Tarja Sem Tarja
248,51;1057101330102;200 MG/ML SOL OR CT 50 FR GOT PLAS OPC  X 15 ML;Negativa;Tarja Sem Tarja
18,85;1057101360036;(0,5 +1,0 + 10,0 + 10,0)MG/G CREM CT BG AL X 20 G;Negativa;Tarja Preta (**)
19,01;1057101360087;(0,5 +1,0 + 10,0 + 10,0)MG/G POM CT BG AL X 20 G;Negativa;Tarja Vermelha (**)
20,3;1057101380010;100 MG COM REV CT BL AL PLAS INC X 30;Negativa;- (*) 
32,1;1057101380029;100 MG COM REV CT BL AL PLAS INC X 60;Negativa;- (*) 
18;1057101400011;100 MG/G GEL VAG CT BG AL X 50G + 10 APLIC;Positiva;Tarja Vermelha sob restrio
428,15;1057101400021;100 MG/G GEL VAG CT 25 BG AL X 50G + 250 APLIC;Positiva;Tarja Vermelha sob restrio
856,3;1057101400038;100 MG/G GEL VAG CT 50 BG AL X 50G + 500 APLIC;Positiva;Tarja Vermelha sob restrio
5,41;1057101410017;20 MG/ML SUS OR CT FR PLAS AMB X 30 ML;Negativa;Tarja Sem Tarja
129,14;1057101410025;20 MG/ML SUS OR CT 25 FR PLAS AMB X 30 ML;Negativa;Tarja Sem Tarja
257,21;1057101410033;20 MG/ML SUS OR CT 50 FR PLAS AMB X 30 ML;Negativa;Tarja Sem Tarja
20,04;1057101490010;20 MG + 0,64 MG + 2,5 MG/GCREM DERM CT BG AL X 30 G;Negativa;Tarja Vermelha (**)
16,31;1057101510011;COM REV CT BL AL PLAS INC X 50;Negativa;Tarja Sem Tarja
16,31;1057101510021;COM REV CT FR PLAS AMB X 50;Negativa;Tarja Sem Tarja
81,63;1057101510038;COM REV CT BL AL PLAS INC X 500 (EMB HOSP);Negativa;Tarja Sem Tarja
81,63;1057101510046;COM REV CT FR PLAS AMB X 500 (EMB HOSP);Negativa;Tarja Sem Tarja
163,27;1057101510054;COM REV CT BL AL PLAS INC X 1000 (EMB HOSP);Negativa;Tarja Sem Tarja
163,27;1057101510062;COM REV CT FR PLAS AMB X 1000 (EMB HOSP);Negativa;Tarja Sem Tarja
17,21;1057101520017;50 MG COM REV CT BL AL PLAS TRANS X 20;Positiva;- (*) 
11,38;1057101520025;10 MG/G GEL TOP CT BG AL X 60 G;Negativa;Tarja Sem Tarja
430,28;1057101520033;50 MG COM REV CT BL AL PLAS TRANS X 500;Positiva;- (*) 
860,57;1057101520041;50 MG COM REV CT BL AL PLAS TRANS X 1000;Positiva;- (*) 
569,07;1057101520051;10 MG/G GEL TOP CT 50 BG AL X 60 G;Negativa;Tarja Sem Tarja
8,59;1057101540018;40 MG/ML SUS OR CT FR PLAS AMB X 100 ML + COP MED;Positiva;Tarja Vermelha sob restrio
429,92;1057101540026;40 MG/ML SUS OR CT 50 FR PLAS AMB X 100 ML + 50 COP MED;Positiva;Tarja Vermelha sob restrio