11.14;11.21;SANDOZ DO BRASIL INDSTRIA FARMACUTICA LTDA;1004705190127;Tarja Vermelha sob restrio
51.67;51.99;SANDOZ DO BRASIL INDSTRIA FARMACUTICA LTDA;1004705190135;Tarja Vermelha sob restrio
11.14;11.21;SANDOZ DO BRASIL INDSTRIA FARMACUTICA LTDA;1004705190143;Tarja Vermelha sob restrio
51.67;51.99;SANDOZ DO BRASIL INDSTRIA FARMACUTICA LTDA;1004705190151;Tarja Vermelha sob restrio
39.89;40.13;SANDOZ DO BRASIL INDSTRIA FARMACUTICA LTDA;1004705210012;Tarja Vermelha
51.72;52.04;SANDOZ DO BRASIL INDSTRIA FARMACUTICA LTDA;1004705230013;Tarja Vermelha (**)
77.51;77.98;SANDOZ DO BRASIL INDSTRIA FARMACUTICA LTDA;1004705230048;Tarja Vermelha (**)
188.11;189.25;SANDOZ DO BRASIL INDSTRIA FARMACUTICA LTDA;1004705230056;Tarja Vermelha (**)
51.72;52.04;SANDOZ DO BRASIL INDSTRIA FARMACUTICA LTDA;1004705240019;Tarja Vermelha (**)
96.76;97.35;SANDOZ DO BRASIL INDSTRIA FARMACUTICA LTDA;1004705240043;Tarja Vermelha (**)
188.11;189.25;SANDOZ DO BRASIL INDSTRIA FARMACUTICA LTDA;1004705240051;Tarja Vermelha (**)
4.58;5.3;SANDOZ DO BRASIL INDSTRIA FARMACUTICA LTDA;1004705250014;Tarja Vermelha
26.53;26.69;SANDOZ DO BRASIL INDSTRIA FARMACUTICA LTDA;1004705260011;Tarja Vermelha
21.23;21.36;SANDOZ DO BRASIL INDSTRIA FARMACUTICA LTDA;1004705260044;Tarja Vermelha
28.45;28.62;SANDOZ DO BRASIL INDSTRIA FARMACUTICA LTDA;1004705280010;Tarja Vermelha
66;66.4;SANDOZ DO BRASIL INDSTRIA FARMACUTICA LTDA;1004705290024;Tarja Vermelha
27.53;31.84;SANDOZ DO BRASIL INDSTRIA FARMACUTICA LTDA;1004705350061;Tarja Sem Tarja
56.52;56.86;SANDOZ DO BRASIL INDSTRIA FARMACUTICA LTDA;1004705380023;Tarja Vermelha
80.78;81.27;SANDOZ DO BRASIL INDSTRIA FARMACUTICA LTDA;1004705380041;Tarja Vermelha
27.94;28.11;SANDOZ DO BRASIL INDSTRIA FARMACUTICA LTDA;1004705420033;Tarja Vermelha
38.33;38.56;SANDOZ DO BRASIL INDSTRIA FARMACUTICA LTDA;1004705430020;Tarja Vermelha
38.33;38.56;SANDOZ DO BRASIL INDSTRIA FARMACUTICA LTDA;1004705430047;Tarja Vermelha
76.66;77.13;SANDOZ DO BRASIL INDSTRIA FARMACUTICA LTDA;1004705430071;Tarja Vermelha
38.31;38.55;SANDOZ DO BRASIL INDSTRIA FARMACUTICA LTDA;1004705490015;Tarja Vermelha
713.51;717.83;SANDOZ DO BRASIL INDSTRIA FARMACUTICA LTDA;1004705530017;Tarja Vermelha sob restrio
4463.96;4491.02;SANDOZ DO BRASIL INDSTRIA FARMACUTICA LTDA;1004705550085;Tarja Vermelha
24.13;24.28;SANDOZ DO BRASIL INDSTRIA FARMACUTICA LTDA;1004705570027;Tarja Vermelha
46.88;47.16;SANDOZ DO BRASIL INDSTRIA FARMACUTICA LTDA;1004705570061;Tarja Vermelha
17.46;17.56;SANDOZ DO BRASIL INDSTRIA FARMACUTICA LTDA;1004705570191;Tarja Vermelha
30.93;31.12;SANDOZ DO BRASIL INDSTRIA FARMACUTICA LTDA;1004705570205;Tarja Vermelha
15.79;18.27;SANDOZ DO BRASIL INDSTRIA FARMACUTICA LTDA;1004705590011;Tarja Vermelha
25.06;28.99;SANDOZ DO BRASIL INDSTRIA FARMACUTICA LTDA;1004705590028;Tarja Vermelha
957.43;963.24;SANDOZ DO BRASIL INDSTRIA FARMACUTICA LTDA;1004705600015;Tarja Vermelha sob restrio
3197.89;3217.27;SANDOZ DO BRASIL INDSTRIA FARMACUTICA LTDA;1004705600041;Tarja Vermelha sob restrio
12.29;12.36;SANDOZ DO BRASIL INDSTRIA FARMACUTICA LTDA;1004705610010;Tarja Vermelha
87.54;88.07;SANDOZ DO BRASIL INDSTRIA FARMACUTICA LTDA;1004705610029;Tarja Vermelha
70.65;71.08;SANDOZ DO BRASIL INDSTRIA FARMACUTICA LTDA;1004705610037;Tarja Vermelha
19.95;20.07;SANDOZ DO BRASIL INDSTRIA FARMACUTICA LTDA;1004705610045;Tarja Vermelha
153.41;154.34;SANDOZ DO BRASIL INDSTRIA FARMACUTICA LTDA;1004705610053;Tarja Vermelha
108.29;108.95;SANDOZ DO BRASIL INDSTRIA FARMACUTICA LTDA;1004705610061;Tarja Vermelha
9.01;9.07;SANDOZ DO BRASIL INDSTRIA FARMACUTICA LTDA;1004705610071;Tarja Vermelha
27.08;27.25;SANDOZ DO BRASIL INDSTRIA FARMACUTICA LTDA;1004705610088;Tarja Vermelha
48.77;49.07;SANDOZ DO BRASIL INDSTRIA FARMACUTICA LTDA;1004705610096;Tarja Vermelha
45.47;45.75;SANDOZ DO BRASIL INDSTRIA FARMACUTICA LTDA;1004705650020;Tarja Vermelha (**)
45.47;45.75;SANDOZ DO BRASIL INDSTRIA FARMACUTICA LTDA;1004705650047;Tarja Vermelha (**)
32.1;32.29;SANDOZ DO BRASIL INDSTRIA FARMACUTICA LTDA;1004705690030;Tarja Vermelha sob restrio
16.86;16.96;SANDOZ DO BRASIL INDSTRIA FARMACUTICA LTDA;1004705720010;Tarja Vermelha
16.33;16.42;SANDOZ DO BRASIL INDSTRIA FARMACUTICA LTDA;1004705720037;Tarja Vermelha
18.83;18.95;SANDOZ DO BRASIL INDSTRIA FARMACUTICA LTDA;1004705730016;Tarja Vermelha
22.9;23.04;SANDOZ DO BRASIL INDSTRIA FARMACUTICA LTDA;1004705730032;Tarja Vermelha
120.51;121.24;SANDOZ DO BRASIL INDSTRIA FARMACUTICA LTDA;1004705740208;Tarja Vermelha sob restrio
87.63;88.16;SANDOZ DO BRASIL INDSTRIA FARMACUTICA LTDA;1004705740216;Tarja Vermelha sob restrio
65.72;66.12;SANDOZ DO BRASIL INDSTRIA FARMACUTICA LTDA;1004705740267;Tarja Vermelha sob restrio
49.28;49.58;SANDOZ DO BRASIL INDSTRIA FARMACUTICA LTDA;1004705740275;Tarja Vermelha sob restrio
82.16;82.65;SANDOZ DO BRASIL INDSTRIA FARMACUTICA LTDA;1004705740283;Tarja Vermelha sob restrio
53.04;53.36;SANDOZ DO BRASIL INDSTRIA FARMACUTICA LTDA;1004705750068;Tarja Vermelha
33.83;34.04;SANDOZ DO BRASIL INDSTRIA FARMACUTICA LTDA;1004705790019;Tarja Vermelha sob restrio
64.96;65.36;SANDOZ DO BRASIL INDSTRIA FARMACUTICA LTDA;1004705790027;Tarja Vermelha sob restrio
82.87;83.37;SANDOZ DO BRASIL INDSTRIA FARMACUTICA LTDA;1004705830037;Tarja Vermelha
82.87;83.37;SANDOZ DO BRASIL INDSTRIA FARMACUTICA LTDA;1004705830096;Tarja Vermelha
97.58;98.17;SANDOZ DO BRASIL INDSTRIA FARMACUTICA LTDA;1004705830150;Tarja Vermelha
43.23;43.49;SANDOZ DO BRASIL INDSTRIA FARMACUTICA LTDA;1004705860017;Tarja Vermelha
24.24;24.39;SANDOZ DO BRASIL INDSTRIA FARMACUTICA LTDA;1004705860033;Tarja Vermelha
271.34;272.98;SANDOZ DO BRASIL INDSTRIA FARMACUTICA LTDA;1004705870012;Tarja Vermelha sob restrio
185.11;186.23;SANDOZ DO BRASIL INDSTRIA FARMACUTICA LTDA;1004705870020;Tarja Vermelha sob restrio
577.81;581.31;SANDOZ DO BRASIL INDSTRIA FARMACUTICA LTDA;1004705870039;Tarja Vermelha sob restrio
945.25;950.98;SANDOZ DO BRASIL INDSTRIA FARMACUTICA LTDA;1004705870047;Tarja Vermelha sob restrio
219.08;220.41;SANDOZ DO BRASIL INDSTRIA FARMACUTICA LTDA;1004705870098;Tarja Vermelha sob restrio
413.47;415.98;SANDOZ DO BRASIL INDSTRIA FARMACUTICA LTDA;1004705870101;Tarja Vermelha sob restrio
1634.47;1644.38;SANDOZ DO BRASIL INDSTRIA FARMACUTICA LTDA;1004705880018;Tarja Vermelha (**)
497.18;575.12;SANDOZ DO BRASIL INDSTRIA FARMACUTICA LTDA;1004705890013;Tarja Vermelha
164.31;165.31;SANDOZ DO BRASIL INDSTRIA FARMACUTICA LTDA;1004705900019;Tarja Vermelha (**)
120.49;121.22;SANDOZ DO BRASIL INDSTRIA FARMACUTICA LTDA;1004705900027;Tarja Vermelha (**)
931.49;937.14;SANDOZ DO BRASIL INDSTRIA FARMACUTICA LTDA;1004705900043;Tarja Vermelha (**)
158.73;159.7;SANDOZ DO BRASIL INDSTRIA FARMACUTICA LTDA;1004705900051;Tarja Vermelha (**)
57.19;57.54;SANDOZ DO BRASIL INDSTRIA FARMACUTICA LTDA;1004705900061;Tarja Vermelha (**)
498.3;501.32;SANDOZ DO BRASIL INDSTRIA FARMACUTICA LTDA;1004705900078;Tarja Vermelha (**)
674.07;678.16;SANDOZ DO BRASIL INDSTRIA FARMACUTICA LTDA;1004705900086;Tarja Vermelha (**)
76.99;77.45;SANDOZ DO BRASIL INDSTRIA FARMACUTICA LTDA;1004705940029;Tarja Vermelha sob restrio
604.59;608.25;SANDOZ DO BRASIL INDSTRIA FARMACUTICA LTDA;1004705980039;Tarja Vermelha
0;0;SANDOZ DO BRASIL INDSTRIA FARMACUTICA LTDA;1004706010051;Tarja Vermelha
62.22;62.59;SANDOZ DO BRASIL INDSTRIA FARMACUTICA LTDA;1004706020136;Tarja Vermelha
62.22;62.59;SANDOZ DO BRASIL INDSTRIA FARMACUTICA LTDA;1004706020330;Tarja Vermelha
108.99;109.65;SANDOZ DO BRASIL INDSTRIA FARMACUTICA LTDA;1004706020535;Tarja Vermelha
17.3;17.41;SANDOZ DO BRASIL INDSTRIA FARMACUTICA LTDA;1004706080015;Tarja Vermelha sob restrio
641.28;645.16;SANDOZ DO BRASIL INDSTRIA FARMACUTICA LTDA;1004706090010;Tarja Vermelha
40.59;40.84;SANDOZ DO BRASIL INDSTRIA FARMACUTICA LTDA;1004706100024;Tarja Vermelha
60.89;61.26;SANDOZ DO BRASIL INDSTRIA FARMACUTICA LTDA;1004706100032;Tarja Vermelha (**)
5637.16;5671.32;SANDOZ DO BRASIL INDSTRIA FARMACUTICA LTDA;1004706110021;Tarja Vermelha
8668.73;8721.27;SANDOZ DO BRASIL INDSTRIA FARMACUTICA LTDA;1004706130020;Tarja Vermelha
0;0;SANDOZ DO BRASIL INDSTRIA FARMACUTICA LTDA;1004706150021;Tarja Vermelha
0;0;SANDOZ DO BRASIL INDSTRIA FARMACUTICA LTDA;1004706150031;Tarja Vermelha
61.63;62;SANDOZ DO BRASIL INDSTRIA FARMACUTICA LTDA;1004706160027;Tarja Vermelha sob restrio
121.87;122.61;SANDOZ DO BRASIL INDSTRIA FARMACUTICA LTDA;1004706160043;Tarja Vermelha sob restrio
0;0;SANDOZ DO BRASIL INDSTRIA FARMACUTICA LTDA;1004706180011;Tarja Vermelha
0;0;SANDOZ DO BRASIL INDSTRIA FARMACUTICA LTDA;1004706180036;Tarja Vermelha
7719.56;8929.66;SANDOZ DO BRASIL INDSTRIA FARMACUTICA LTDA;1004706190015;Tarja Vermelha
35.61;35.83;SANDOZ DO BRASIL INDSTRIA FARMACUTICA LTDA;1004706200010;Tarja Vermelha sob restrio
22.43;22.57;SANDOZ DO BRASIL INDSTRIA FARMACUTICA LTDA;1004706200029;Tarja Vermelha sob restrio
765.35;769.99;SANDOZ DO BRASIL INDSTRIA FARMACUTICA LTDA;1004706210024;Tarja Vermelha
1166.75;1173.82;SANDOZ DO BRASIL INDSTRIA FARMACUTICA LTDA;1004706210040;Tarja Vermelha
23.22;23.36;SANDOZ DO BRASIL INDSTRIA FARMACUTICA LTDA;1004706230033;Tarja Vermelha sob restrio
27.78;27.95;SANDOZ DO BRASIL INDSTRIA FARMACUTICA LTDA;1004706240012;Tarja Vermelha sob restrio
165.9;166.91;SANDOZ DO BRASIL INDSTRIA FARMACUTICA LTDA;1004706240055;Tarja Vermelha sob restrio
93.35;93.92;SANDOZ DO BRASIL INDSTRIA FARMACUTICA LTDA;1004706240063;Tarja Vermelha sob restrio
17.08;17.19;SANDOZ DO BRASIL INDSTRIA FARMACUTICA LTDA;1004706240071;Tarja Vermelha sob restrio
109.39;110.05;SANDOZ DO BRASIL INDSTRIA FARMACUTICA LTDA;1004706240111;Tarja Vermelha sob restrio
60.58;60.95;SANDOZ DO BRASIL INDSTRIA FARMACUTICA LTDA;1004706240128;Tarja Vermelha sob restrio
79.47;79.95;SANDOZ DO BRASIL INDSTRIA FARMACUTICA LTDA;1004706240136;Tarja Vermelha sob restrio
141.47;142.33;SANDOZ DO BRASIL INDSTRIA FARMACUTICA LTDA;1004706240144;Tarja Vermelha sob restrio
26.48;26.64;SANDOZ DO BRASIL INDSTRIA FARMACUTICA LTDA;1004706240160;Tarja Vermelha sob restrio
32.29;32.48;SANDOZ DO BRASIL INDSTRIA FARMACUTICA LTDA;1004706250018;Tarja Vermelha
64.58;64.97;SANDOZ DO BRASIL INDSTRIA FARMACUTICA LTDA;1004706250026;Tarja Vermelha
129.17;129.95;SANDOZ DO BRASIL INDSTRIA FARMACUTICA LTDA;1004706250034;Tarja Vermelha
9831.37;9890.96;SANDOZ DO BRASIL INDSTRIA FARMACUTICA LTDA;1004706280014;Tarja Vermelha
9831.37;9890.96;SANDOZ DO BRASIL INDSTRIA FARMACUTICA LTDA;1004706280030;Tarja Vermelha
8989.79;9044.28;SANDOZ DO BRASIL INDSTRIA FARMACUTICA LTDA;1004706290079;Tarja Vermelha
8936.73;8990.9;SANDOZ DO BRASIL INDSTRIA FARMACUTICA LTDA;1004706290117;Tarja Vermelha
24.1;24.24;SANDOZ DO BRASIL INDSTRIA FARMACUTICA LTDA;1004706300015;Tarja Vermelha sob restrio
55.25;55.59;SANDOZ DO BRASIL INDSTRIA FARMACUTICA LTDA;1004706300023;Tarja Vermelha sob restrio
206.77;208.02;SANDOZ DO BRASIL INDSTRIA FARMACUTICA LTDA;1004706320024;Tarja Vermelha sob restrio
217.3;218.62;SANDOZ DO BRASIL INDSTRIA FARMACUTICA LTDA;1004706320059;Tarja Vermelha sob restrio
227.86;229.24;SANDOZ DO BRASIL INDSTRIA FARMACUTICA LTDA;1004706320083;Tarja Vermelha sob restrio
190.84;192;SANDOZ DO BRASIL INDSTRIA FARMACUTICA LTDA;1004706330011;Tarja Vermelha sob restrio
4888.46;5654.75;SANDOZ DO BRASIL INDSTRIA FARMACUTICA LTDA;1004706340017;Tarja Vermelha
40.82;41.07;SANDOZ DO BRASIL INDSTRIA FARMACUTICA LTDA;1004706350020;Tarja Vermelha sob restrio
60.1;60.46;SANDOZ DO BRASIL INDSTRIA FARMACUTICA LTDA;1004706350055;Tarja Vermelha sob restrio
80;80.48;SANDOZ DO BRASIL INDSTRIA FARMACUTICA LTDA;1004706350063;Tarja Vermelha sob restrio
96.23;96.81;SANDOZ DO BRASIL INDSTRIA FARMACUTICA LTDA;1004706350081;Tarja Vermelha sob restrio
133.78;134.59;SANDOZ DO BRASIL INDSTRIA FARMACUTICA LTDA;1004706350098;Tarja Vermelha sob restrio
221.64;222.98;SANDOZ DO BRASIL INDSTRIA FARMACUTICA LTDA;1004706360018;Tarja Vermelha
1105.76;1112.46;SANDOZ DO BRASIL INDSTRIA FARMACUTICA LTDA;1004706360026;Tarja Vermelha
221.64;222.98;SANDOZ DO BRASIL INDSTRIA FARMACUTICA LTDA;1004706360042;Tarja Vermelha
1105.76;1112.46;SANDOZ DO BRASIL INDSTRIA FARMACUTICA LTDA;1004706360050;Tarja Vermelha
96.01;96.59;SANDOZ DO BRASIL INDSTRIA FARMACUTICA LTDA;1004706400036;Tarja Vermelha
192.07;193.24;SANDOZ DO BRASIL INDSTRIA FARMACUTICA LTDA;1004706400044;Tarja Vermelha
326.35;328.33;SANDOZ DO BRASIL INDSTRIA FARMACUTICA LTDA;1004706400052;Tarja Vermelha
333.4;335.42;SANDOZ DO BRASIL INDSTRIA FARMACUTICA LTDA;1004706400060;Tarja Vermelha
4068.84;4093.5;SANDOZ DO BRASIL INDSTRIA FARMACUTICA LTDA;1004706430016;Tarja Vermelha
0;0;SANDOZ DO BRASIL INDSTRIA FARMACUTICA LTDA;1004706440011;Tarja Vermelha
0;0;SANDOZ DO BRASIL INDSTRIA FARMACUTICA LTDA;1004706440021;Tarja Vermelha
64.83;75;LABORATRIO SADE LTDA;1004901060052;Tarja Sem Tarja
66.64;74.49;LABORATRIO SADE LTDA;1004901060060;Tarja Sem Tarja
8.69;10.05;LABORATRIO SADE LTDA;1004901070031;Tarja Preta (**)
11.74;13.58;LABORATRIO SADE LTDA;1004901070041;Tarja Preta (**)
40.29;40.53;CHIESI FARMACUTICA LTDA;1005800090027;Tarja Vermelha (**)
58.36;58.72;CHIESI FARMACUTICA LTDA;1005800090035;Tarja Vermelha (**)
43.16;43.42;CHIESI FARMACUTICA LTDA;1005800090094;Tarja Vermelha (**)
75.07;75.53;CHIESI FARMACUTICA LTDA;1005800090108;Tarja Vermelha (**)
54.77;55.1;CHIESI FARMACUTICA LTDA;1005800090183;Tarja Vermelha (**)
50.91;58.9;CHIESI FARMACUTICA LTDA;1005800140010;Tarja Sem Tarja
69.28;80.14;CHIESI FARMACUTICA LTDA;1005800140040;Tarja Sem Tarja
101.85;117.82;CHIESI FARMACUTICA LTDA;1005800140059;Tarja Sem Tarja
138.56;160.29;CHIESI FARMACUTICA LTDA;1005800140067;Tarja Sem Tarja
14.65;16.95;CHIESI FARMACUTICA LTDA;1005800270038;Tarja Vermelha (**)
15.85;18.33;CHIESI FARMACUTICA LTDA;1005800390050;Tarja Sem Tarja
31.02;35.89;CHIESI FARMACUTICA LTDA;1005800390092;Tarja Preta (**)
19.37;22.41;CHIESI FARMACUTICA LTDA;1005800390106;Tarja Sem Tarja
37.48;43.35;CHIESI FARMACUTICA LTDA;1005800390152;Tarja Sem Tarja
28.88;29.05;CHIESI FARMACUTICA LTDA;1005800550066;Tarja Vermelha
46.08;46.36;CHIESI FARMACUTICA LTDA;1005800550090;Tarja Vermelha
1525.7;1534.95;CHIESI FARMACUTICA LTDA;1005800670015;Tarja Vermelha (**)
2064.47;2076.98;CHIESI FARMACUTICA LTDA;1005800670023;Tarja Vermelha (**)
58.36;58.72;CHIESI FARMACUTICA LTDA;1005800770044;Tarja Vermelha
67.51;67.92;CHIESI FARMACUTICA LTDA;1005800890015;Tarja Vermelha
124.83;125.59;CHIESI FARMACUTICA LTDA;1005800890023;Tarja Vermelha
129.95;130.74;CHIESI FARMACUTICA LTDA;1005800890031;Tarja Vermelha
239.94;241.39;CHIESI FARMACUTICA LTDA;1005800890041;Tarja Vermelha
31.46;31.65;CHIESI FARMACUTICA LTDA;1005800970019;Tarja Vermelha
61.84;62.22;CHIESI FARMACUTICA LTDA;1005800970027;Tarja Vermelha
59.6;68.94;CHIESI FARMACUTICA LTDA;1005800980014;Tarja Preta (**)
112.92;130.62;CHIESI FARMACUTICA LTDA;1005800980022;Tarja Preta (**)
1602.28;1611.99;CHIESI FARMACUTICA LTDA;1005801010019;Tarja Vermelha (**)
36.89;37.12;CHIESI FARMACUTICA LTDA;1005801030036;Tarja Vermelha sob restrio
92.2;92.76;CHIESI FARMACUTICA LTDA;1005801030052;Tarja Vermelha sob restrio
67.77;68.18;CHIESI FARMACUTICA LTDA;1005801040015;Tarja Vermelha (**)
35.84;41.46;CHIESI FARMACUTICA LTDA;1005801050088;Tarja Vermelha
107.07;107.72;CHIESI FARMACUTICA LTDA;1005801060016;Tarja Vermelha (**)
35.72;35.94;CHIESI FARMACUTICA LTDA;1005801110013;Tarja Vermelha (**)
46.14;46.42;CHIESI FARMACUTICA LTDA;1005801110048;Tarja Vermelha (**)
58.47;58.82;CHIESI FARMACUTICA LTDA;1005801110072;Tarja Vermelha (**)
57.66;58.01;CHIESI FARMACUTICA LTDA;1005801110102;Tarja Vermelha (**)
57.66;58.01;CHIESI FARMACUTICA LTDA;1005801110110;Tarja Vermelha (**)
8916.68;8970.73;CHIESI FARMACUTICA LTDA;1005801120035;Tarja Vermelha sob restrio
133.2;134.01;CHIESI FARMACUTICA LTDA;1005801140011;Tarja Vermelha (**)
133.2;134.01;CHIESI FARMACUTICA LTDA;1005801140036;Tarja Vermelha (**)
133.2;134.01;CHIESI FARMACUTICA LTDA;1005801140052;Tarja Vermelha (**)
160.59;161.56;CHIESI FARMACUTICA LTDA;1005801140060;Tarja Vermelha
160.59;161.56;CHIESI FARMACUTICA LTDA;1005801140079;Tarja Vermelha
160.59;161.56;CHIESI FARMACUTICA LTDA;1005801140087;Tarja Vermelha
924.95;1069.94;CHIESI FARMACUTICA LTDA;1005801150015;Tarja Vermelha
41.65;41.9;CHIESI FARMACUTICA LTDA;1005801160010;Tarja Vermelha
41.65;41.9;CHIESI FARMACUTICA LTDA;1005801160037;Tarja Vermelha
28.39;28.56;CHIESI FARMACUTICA LTDA;1005801190017;Tarja Vermelha
28.39;28.56;CHIESI FARMACUTICA LTDA;1005801190025;Tarja Vermelha
28.39;28.56;CHIESI FARMACUTICA LTDA;1005801190033;Tarja Vermelha
36.67;36.9;CHIESI FARMACUTICA LTDA;1005801190041;Tarja Vermelha
36.67;36.9;CHIESI FARMACUTICA LTDA;1005801190051;Tarja Vermelha
36.67;36.9;CHIESI FARMACUTICA LTDA;1005801190068;Tarja Vermelha
46.46;46.74;CHIESI FARMACUTICA LTDA;1005801190076;Tarja Vermelha
46.46;46.74;CHIESI FARMACUTICA LTDA;1005801190084;Tarja Vermelha
46.46;46.74;CHIESI FARMACUTICA LTDA;1005801190092;Tarja Vermelha
45.81;46.08;CHIESI FARMACUTICA LTDA;1005801190106;Tarja Vermelha
45.81;46.08;CHIESI FARMACUTICA LTDA;1005801190114;Tarja Vermelha
45.81;46.08;CHIESI FARMACUTICA LTDA;1005801190122;Tarja Vermelha
136.49;157.88;CHIESI FARMACUTICA LTDA;1005801200012;Tarja Vermelha
273;315.79;CHIESI FARMACUTICA LTDA;1005801200020;Tarja Vermelha
8412.69;9731.43;CHIESI FARMACUTICA LTDA;1005801210018;Tarja Vermelha
42063.5;48657.2;CHIESI FARMACUTICA LTDA;1005801210026;- (*) 
84126.9;97314.4;CHIESI FARMACUTICA LTDA;1005801210034;- (*) 
69.88;70.3;CHIESI FARMACUTICA LTDA;1005801220013;- (*) 
200.66;201.88;CHIESI FARMACUTICA LTDA;1005801220021;- (*) 
47.18;47.47;CHIESI FARMACUTICA LTDA;1005801220031;- (*) 
135.46;136.28;CHIESI FARMACUTICA LTDA;1005801220064;- (*) 
475.36;478.24;INSTITUTO BIOCHIMICO INDSTRIA FARMACUTICA LTDA;1006300030058;Tarja Vermelha sob restrio
322.73;324.69;INSTITUTO BIOCHIMICO INDSTRIA FARMACUTICA LTDA;1006300840025;Tarja Vermelha sob restrio
1570.04;1579.55;INSTITUTO BIOCHIMICO INDSTRIA FARMACUTICA LTDA;1006301370057;Tarja Vermelha (**)
4079.36;4104.08;INSTITUTO BIOCHIMICO INDSTRIA FARMACUTICA LTDA;1006301370103;Tarja Vermelha (**)
773.9;778.59;INSTITUTO BIOCHIMICO INDSTRIA FARMACUTICA LTDA;1006301380036;Tarja Vermelha sob restrio
324.59;326.56;INSTITUTO BIOCHIMICO INDSTRIA FARMACUTICA LTDA;1006301450034;Tarja Vermelha (**)
374.76;377.03;INSTITUTO BIOCHIMICO INDSTRIA FARMACUTICA LTDA;1006301770047;Tarja Vermelha (**)
1909.47;1921.04;INSTITUTO BIOCHIMICO INDSTRIA FARMACUTICA LTDA;1006301900013;Tarja Vermelha sob restrio
3312.47;3332.54;INSTITUTO BIOCHIMICO INDSTRIA FARMACUTICA LTDA;1006301900021;Tarja Vermelha sob restrio
1598.59;1608.28;INSTITUTO BIOCHIMICO INDSTRIA FARMACUTICA LTDA;1006301990101;Tarja Vermelha (**)
533.75;536.98;INSTITUTO BIOCHIMICO INDSTRIA FARMACUTICA LTDA;1006302160013;Tarja Vermelha (**)
558.93;562.32;INSTITUTO BIOCHIMICO INDSTRIA FARMACUTICA LTDA;1006302210029;Tarja Vermelha (**)
1240.63;1248.15;INSTITUTO BIOCHIMICO INDSTRIA FARMACUTICA LTDA;1006302210037;Tarja Vermelha (**)
561.87;565.27;INSTITUTO BIOCHIMICO INDSTRIA FARMACUTICA LTDA;1006302220024;Tarja Vermelha (**)
1213.51;1220.86;INSTITUTO BIOCHIMICO INDSTRIA FARMACUTICA LTDA;1006302220032;Tarja Vermelha (**)
1064.93;1071.38;INSTITUTO BIOCHIMICO INDSTRIA FARMACUTICA LTDA;1006302230021;Tarja Vermelha (**)
3385.13;3405.65;INSTITUTO BIOCHIMICO INDSTRIA FARMACUTICA LTDA;1006302270021;Tarja Vermelha
6155.49;6192.8;INSTITUTO BIOCHIMICO INDSTRIA FARMACUTICA LTDA;1006302270072;Tarja Vermelha
693.67;697.88;INSTITUTO BIOCHIMICO INDSTRIA FARMACUTICA LTDA;1006302280019;Tarja Vermelha (**)
1300.67;1308.56;INSTITUTO BIOCHIMICO INDSTRIA FARMACUTICA LTDA;1006302290022;Tarja Vermelha
3251.7;3271.41;INSTITUTO BIOCHIMICO INDSTRIA FARMACUTICA LTDA;1006302290030;Tarja Vermelha
5640.84;5675.03;INSTITUTO BIOCHIMICO INDSTRIA FARMACUTICA LTDA;1006302290111;Tarja Vermelha
2597.63;2613.37;INSTITUTO BIOCHIMICO INDSTRIA FARMACUTICA LTDA;1006302310074;Tarja Vermelha (**)
648.04;651.96;INSTITUTO BIOCHIMICO INDSTRIA FARMACUTICA LTDA;1006302330024;Tarja Vermelha (**)
1769.4;1780.12;INSTITUTO BIOCHIMICO INDSTRIA FARMACUTICA LTDA;1006302360012;Tarja Vermelha (**)
2728.88;2745.42;INSTITUTO BIOCHIMICO INDSTRIA FARMACUTICA LTDA;1006302390086;Tarja Vermelha (**)
302.87;304.7;INSTITUTO BIOCHIMICO INDSTRIA FARMACUTICA LTDA;1006302400014;Tarja Vermelha (**)
1039.12;1045.42;INSTITUTO BIOCHIMICO INDSTRIA FARMACUTICA LTDA;1006302420015;Tarja Vermelha
12.95;13.03;INSTITUTO BIOCHIMICO INDSTRIA FARMACUTICA LTDA;1006302470012;Tarja Vermelha (**)
648.04;651.96;INSTITUTO BIOCHIMICO INDSTRIA FARMACUTICA LTDA;1006302470020;Tarja Vermelha sob restrio
135.67;136.5;INSTITUTO BIOCHIMICO INDSTRIA FARMACUTICA LTDA;1006302550016;Tarja Vermelha
135.67;136.5;INSTITUTO BIOCHIMICO INDSTRIA FARMACUTICA LTDA;1006302550024;Tarja Vermelha
162.81;163.79;INSTITUTO BIOCHIMICO INDSTRIA FARMACUTICA LTDA;1006302550032;Tarja Vermelha
271.34;272.98;INSTITUTO BIOCHIMICO INDSTRIA FARMACUTICA LTDA;1006302550040;Tarja Vermelha
145.76;146.64;INSTITUTO BIOCHIMICO INDSTRIA FARMACUTICA LTDA;1006302560011;Tarja Vermelha
166.84;167.85;INSTITUTO BIOCHIMICO INDSTRIA FARMACUTICA LTDA;1006302560021;Tarja Vermelha
225.71;227.08;INSTITUTO BIOCHIMICO INDSTRIA FARMACUTICA LTDA;1006302560038;Tarja Vermelha
145.76;146.64;INSTITUTO BIOCHIMICO INDSTRIA FARMACUTICA LTDA;1006302560046;Tarja Vermelha
728.82;733.24;INSTITUTO BIOCHIMICO INDSTRIA FARMACUTICA LTDA;1006302560054;Tarja Vermelha
166.84;167.85;INSTITUTO BIOCHIMICO INDSTRIA FARMACUTICA LTDA;1006302560062;Tarja Vermelha
834.2;839.26;INSTITUTO BIOCHIMICO INDSTRIA FARMACUTICA LTDA;1006302560070;Tarja Vermelha
225.71;227.08;INSTITUTO BIOCHIMICO INDSTRIA FARMACUTICA LTDA;1006302560089;Tarja Vermelha
1128.55;1135.39;INSTITUTO BIOCHIMICO INDSTRIA FARMACUTICA LTDA;1006302560097;Tarja Vermelha
1457.64;1466.47;INSTITUTO BIOCHIMICO INDSTRIA FARMACUTICA LTDA;1006302560100;Tarja Vermelha
1668.4;1678.51;INSTITUTO BIOCHIMICO INDSTRIA FARMACUTICA LTDA;1006302560119;Tarja Vermelha
2257.11;2270.79;INSTITUTO BIOCHIMICO INDSTRIA FARMACUTICA LTDA;1006302560127;Tarja Vermelha
142.51;164.85;LABORATORIO CATARINENSE LTDA;1006600470010;Tarja Sem Tarja
11.68;13.51;LABORATORIO CATARINENSE LTDA;1006600520042;- (*) 
11.68;13.51;LABORATORIO CATARINENSE LTDA;1006600520050;- (*) 
11.68;13.51;LABORATORIO CATARINENSE LTDA;1006600520069;- (*) 
14;16.19;LABORATORIO CATARINENSE LTDA;1006633710045;Tarja Vermelha
32.71;37.84;LABORATORIO CATARINENSE LTDA;1006633780061;Tarja Sem Tarja
35.53;41.1;LABORATORIO CATARINENSE LTDA;1006633830024;Tarja Sem Tarja
52.98;61.28;LABORATORIO CATARINENSE LTDA;1006633910011;Tarja Sem Tarja
16.28;18.83;LABORATORIO CATARINENSE LTDA;1006633920015;Tarja Vermelha
17.22;19.92;LABORATORIO CATARINENSE LTDA;1006633950021;Tarja Sem Tarja
19.92;23.05;LABORATORIO CATARINENSE LTDA;1006633990013;Tarja Sem Tarja
6631.87;6672.06;NOVARTIS BIOCIENCIAS S.A;1006800010013;Tarja Vermelha (**)
7853.41;7901;NOVARTIS BIOCIENCIAS S.A;1006800010072;Tarja Vermelha (**)
253.86;255.39;NOVARTIS BIOCIENCIAS S.A;1006800090017;Tarja Vermelha
432.59;435.21;NOVARTIS BIOCIENCIAS S.A;1006800090025;Tarja Vermelha
1884.83;1896.25;NOVARTIS BIOCIENCIAS S.A;1006800090033;Tarja Vermelha
4769.14;4798.05;NOVARTIS BIOCIENCIAS S.A;1006800090122;Tarja Vermelha
7336.62;7381.09;NOVARTIS BIOCIENCIAS S.A;1006800090130;Tarja Vermelha
9904.37;9964.4;NOVARTIS BIOCIENCIAS S.A;1006800090149;Tarja Vermelha
8.8;8.85;NOVARTIS BIOCIENCIAS S.A;1006800130019;Tarja Vermelha
26.41;26.57;NOVARTIS BIOCIENCIAS S.A;1006800130061;Tarja Vermelha
6.58;6.62;NOVARTIS BIOCIENCIAS S.A;1006800130078;Tarja Vermelha
19.76;19.88;NOVARTIS BIOCIENCIAS S.A;1006800130086;Tarja Vermelha
46.89;47.18;NOVARTIS BIOCIENCIAS S.A;1006800170101;Tarja Vermelha (**)
107.92;108.57;NOVARTIS BIOCIENCIAS S.A;1006800170118;Tarja Vermelha (**)
246.52;248.01;NOVARTIS BIOCIENCIAS S.A;1006800200025;Tarja Vermelha
1114.43;1121.19;NOVARTIS BIOCIENCIAS S.A;1006800200033;Tarja Vermelha
147.72;148.62;NOVARTIS BIOCIENCIAS S.A;1006800200076;Tarja Vermelha
295.49;297.28;NOVARTIS BIOCIENCIAS S.A;1006800200084;Tarja Vermelha
502.07;505.12;NOVARTIS BIOCIENCIAS S.A;1006800200092;Tarja Vermelha
512.92;516.02;NOVARTIS BIOCIENCIAS S.A;1006800200106;Tarja Vermelha
64.63;65.02;NOVARTIS BIOCIENCIAS S.A;1006800260036;Tarja Vermelha
130.02;130.81;NOVARTIS BIOCIENCIAS S.A;1006800260044;Tarja Vermelha
54.49;54.82;NOVARTIS BIOCIENCIAS S.A;1006800260060;Tarja Vermelha
117.35;118.06;NOVARTIS BIOCIENCIAS S.A;1006800260079;Tarja Vermelha
34.06;34.27;NOVARTIS BIOCIENCIAS S.A;1006800380112;Tarja Vermelha
17.28;17.38;NOVARTIS BIOCIENCIAS S.A;1006800380368;Tarja Vermelha (**)
34.65;34.86;NOVARTIS BIOCIENCIAS S.A;1006800380376;Tarja Vermelha (**)
26.39;26.55;NOVARTIS BIOCIENCIAS S.A;1006800460124;Tarja Vermelha sob restrio
51.83;52.15;NOVARTIS BIOCIENCIAS S.A;1006800460132;Tarja Vermelha sob restrio
155.94;156.88;NOVARTIS BIOCIENCIAS S.A;1006800460159;Tarja Vermelha sob restrio
99.69;100.29;NOVARTIS BIOCIENCIAS S.A;1006800460175;Tarja Vermelha sob restrio
299.18;300.99;NOVARTIS BIOCIENCIAS S.A;1006800460191;Tarja Vermelha sob restrio
59.04;59.39;NOVARTIS BIOCIENCIAS S.A;1006800460221;Tarja Vermelha sob restrio
290.6;292.36;NOVARTIS BIOCIENCIAS S.A;1006800530041;Tarja Vermelha (**)
40.79;47.19;NOVARTIS BIOCIENCIAS S.A;1006800550107;Tarja Vermelha (**)
38.33;38.56;NOVARTIS BIOCIENCIAS S.A;1006800590011;Tarja Vermelha (**)
144.53;145.41;NOVARTIS BIOCIENCIAS S.A;1006800600074;Tarja Vermelha (**)
17.39;17.49;NOVARTIS BIOCIENCIAS S.A;1006800600082;Tarja Vermelha (**)
38.57;38.8;NOVARTIS BIOCIENCIAS S.A;1006800600104;Tarja Vermelha (**)
28.98;29.15;NOVARTIS BIOCIENCIAS S.A;1006800600112;Tarja Vermelha (**)
33.81;34.01;NOVARTIS BIOCIENCIAS S.A;1006800600120;Tarja Vermelha (**)
34.98;35.19;NOVARTIS BIOCIENCIAS S.A;1006800600287;Tarja Vermelha (**)
34.98;35.19;NOVARTIS BIOCIENCIAS S.A;1006800600325;Tarja Vermelha (**)
82.63;83.13;NOVARTIS BIOCIENCIAS S.A;1006800610010;Tarja Vermelha sob restrio
38.75;38.98;NOVARTIS BIOCIENCIAS S.A;1006800610037;Tarja Vermelha sob restrio
58.16;58.51;NOVARTIS BIOCIENCIAS S.A;1006800610045;Tarja Vermelha sob restrio
116.33;117.03;NOVARTIS BIOCIENCIAS S.A;1006800610053;Tarja Vermelha sob restrio
93.17;93.73;NOVARTIS BIOCIENCIAS S.A;1006800650071;Tarja Vermelha
48.41;48.7;NOVARTIS BIOCIENCIAS S.A;1006800650098;Tarja Vermelha
93.17;93.73;NOVARTIS BIOCIENCIAS S.A;1006800650111;Tarja Vermelha
93.17;93.73;NOVARTIS BIOCIENCIAS S.A;1006800650144;Tarja Vermelha
46.57;46.85;NOVARTIS BIOCIENCIAS S.A;1006800650179;Tarja Vermelha
93.17;93.73;NOVARTIS BIOCIENCIAS S.A;1006800650187;Tarja Vermelha
25.87;26.02;NOVARTIS BIOCIENCIAS S.A;1006800660018;Tarja Vermelha (**)
213.19;246.61;NOVARTIS BIOCIENCIAS S.A;1006800800022;Tarja Preta
223.85;258.94;NOVARTIS BIOCIENCIAS S.A;1006800800030;Tarja Preta
235;271.84;NOVARTIS BIOCIENCIAS S.A;1006800800049;Tarja Preta
79.97;92.51;NOVARTIS BIOCIENCIAS S.A;1006800800065;Tarja Preta
62.67;72.5;NOVARTIS BIOCIENCIAS S.A;1006800800081;Tarja Preta
31.36;36.27;NOVARTIS BIOCIENCIAS S.A;1006800800091;Tarja Preta
42.24;42.5;NOVARTIS BIOCIENCIAS S.A;1006800850011;Tarja Vermelha sob restrio
23.02;23.16;NOVARTIS BIOCIENCIAS S.A;1006800850021;Tarja Vermelha sob restrio
21.23;21.36;NOVARTIS BIOCIENCIAS S.A;1006800850046;Tarja Vermelha sob restrio
22.93;23.07;NOVARTIS BIOCIENCIAS S.A;1006800850054;Tarja Vermelha sob restrio
48.52;48.81;NOVARTIS BIOCIENCIAS S.A;1006800850062;Tarja Vermelha sob restrio
60.39;60.75;NOVARTIS BIOCIENCIAS S.A;1006800850070;Tarja Vermelha sob restrio
60.39;60.75;NOVARTIS BIOCIENCIAS S.A;1006800850089;Tarja Vermelha sob restrio
145.55;146.44;NOVARTIS BIOCIENCIAS S.A;1006800850100;Tarja Vermelha sob restrio
34.94;35.15;NOVARTIS BIOCIENCIAS S.A;1006800930066;Tarja Vermelha (**)
64.86;65.25;NOVARTIS BIOCIENCIAS S.A;1006800930082;Tarja Vermelha (**)
96.87;97.45;NOVARTIS BIOCIENCIAS S.A;1006800970025;Tarja Vermelha
50.35;50.65;NOVARTIS BIOCIENCIAS S.A;1006800970041;Tarja Vermelha
96.87;97.45;NOVARTIS BIOCIENCIAS S.A;1006800970051;Tarja Vermelha
111.43;112.11;NOVARTIS BIOCIENCIAS S.A;1006800970106;Tarja Vermelha
48.43;48.73;NOVARTIS BIOCIENCIAS S.A;1006800970122;Tarja Vermelha
96.87;97.45;NOVARTIS BIOCIENCIAS S.A;1006800970130;Tarja Vermelha
111.43;112.11;NOVARTIS BIOCIENCIAS S.A;1006800970157;Tarja Vermelha
25.92;26.07;NOVARTIS BIOCIENCIAS S.A;1006800980047;Tarja Vermelha
45.01;45.28;NOVARTIS BIOCIENCIAS S.A;1006800980063;Tarja Vermelha
603.31;606.97;NOVARTIS BIOCIENCIAS S.A;1006800990069;Tarja Vermelha sob restrio
208.66;209.93;NOVARTIS BIOCIENCIAS S.A;1006800990123;Tarja Vermelha sob restrio
239.55;241.01;NOVARTIS BIOCIENCIAS S.A;1006800990131;Tarja Vermelha sob restrio
271.75;273.39;NOVARTIS BIOCIENCIAS S.A;1006800990158;Tarja Vermelha sob restrio
277.3;278.98;NOVARTIS BIOCIENCIAS S.A;1006800990166;Tarja Vermelha sob restrio
118.89;119.61;NOVARTIS BIOCIENCIAS S.A;1006800990239;Tarja Vermelha sob restrio
509.59;512.68;NOVARTIS BIOCIENCIAS S.A;1006800990255;Tarja Vermelha sob restrio
229.06;230.45;NOVARTIS BIOCIENCIAS S.A;1006800990271;Tarja Vermelha sob restrio
593.98;597.58;NOVARTIS BIOCIENCIAS S.A;1006800990281;Tarja Vermelha sob restrio
296.96;298.76;NOVARTIS BIOCIENCIAS S.A;1006800990301;Tarja Vermelha sob restrio
593.98;597.58;NOVARTIS BIOCIENCIAS S.A;1006800990311;Tarja Vermelha sob restrio
0;0;NOVARTIS BIOCIENCIAS S.A;1006801000011;Tarja Vermelha (**)
37.22;37.44;NOVARTIS BIOCIENCIAS S.A;1006801020012;Tarja Vermelha
23.08;23.22;NOVARTIS BIOCIENCIAS S.A;1006801020039;Tarja Vermelha
50.49;50.8;NOVARTIS BIOCIENCIAS S.A;1006801020047;Tarja Vermelha
8.66;8.72;NOVARTIS BIOCIENCIAS S.A;1006801020081;Tarja Vermelha
109.07;109.73;NOVARTIS BIOCIENCIAS S.A;1006801520023;Tarja Vermelha (**)
0;0;NOVARTIS BIOCIENCIAS S.A;1006801540113;Tarja Vermelha (**)
108.36;109.02;NOVARTIS BIOCIENCIAS S.A;1006801560033;Tarja Vermelha
115.59;116.29;NOVARTIS BIOCIENCIAS S.A;1006801560041;Tarja Vermelha
108.36;109.02;NOVARTIS BIOCIENCIAS S.A;1006801560076;Tarja Vermelha
115.59;116.29;NOVARTIS BIOCIENCIAS S.A;1006801560084;Tarja Vermelha
37.28;37.5;NOVARTIS BIOCIENCIAS S.A;1006801560122;Tarja Vermelha
0;0;NOVARTIS BIOCIENCIAS S.A;1006801740074;Tarja Vermelha (**)
0;0;NOVARTIS BIOCIENCIAS S.A;1006801740082;Tarja Vermelha (**)
95.82;96.4;NOVARTIS BIOCIENCIAS S.A;1006808950041;Tarja Vermelha
128.41;129.19;NOVARTIS BIOCIENCIAS S.A;1006808950082;Tarja Vermelha
81.53;82.02;NOVARTIS BIOCIENCIAS S.A;1006808950104;Tarja Vermelha
1220.06;1227.45;NOVARTIS BIOCIENCIAS S.A;1006808970040;Tarja Vermelha (**)
2440.22;2455.01;NOVARTIS BIOCIENCIAS S.A;1006808970075;Tarja Vermelha (**)
34.77;40.22;NOVARTIS BIOCIENCIAS S.A;1006808980011;Tarja Vermelha (**)
69.46;80.35;NOVARTIS BIOCIENCIAS S.A;1006808980021;Tarja Vermelha (**)
1571.3;1580.82;NOVARTIS BIOCIENCIAS S.A;1006809590020;Tarja Vermelha (**)
2357;2371.28;NOVARTIS BIOCIENCIAS S.A;1006809590039;Tarja Vermelha (**)
3142.66;3161.71;NOVARTIS BIOCIENCIAS S.A;1006809590047;Tarja Vermelha (**)
2562.17;2577.7;NOVARTIS BIOCIENCIAS S.A;1006809830013;Tarja Vermelha (**)
2562.17;2577.7;NOVARTIS BIOCIENCIAS S.A;1006809830031;Tarja Vermelha (**)
1281.08;1288.85;NOVARTIS BIOCIENCIAS S.A;1006809830048;Tarja Vermelha (**)
2562.17;2577.7;NOVARTIS BIOCIENCIAS S.A;1006809830056;Tarja Vermelha (**)
0;0;NOVARTIS BIOCIENCIAS S.A;1006810260012;Tarja Vermelha
1010.86;1016.98;NOVARTIS BIOCIENCIAS S.A;1006810400019;Tarja Vermelha
2021.75;2034;NOVARTIS BIOCIENCIAS S.A;1006810400035;Tarja Vermelha
4043.58;4068.08;NOVARTIS BIOCIENCIAS S.A;1006810400051;Tarja Vermelha
41.78;42.04;NOVARTIS BIOCIENCIAS S.A;1006810500021;Tarja Vermelha (**)
83.59;84.1;NOVARTIS BIOCIENCIAS S.A;1006810500031;Tarja Vermelha (**)
167.19;168.21;NOVARTIS BIOCIENCIAS S.A;1006810500048;Tarja Vermelha (**)
131.4;132.19;NOVARTIS BIOCIENCIAS S.A;1006810530028;Tarja Vermelha
55.64;55.98;NOVARTIS BIOCIENCIAS S.A;1006810530052;Tarja Vermelha
111.3;111.98;NOVARTIS BIOCIENCIAS S.A;1006810530060;Tarja Vermelha
55.64;55.98;NOVARTIS BIOCIENCIAS S.A;1006810530095;Tarja Vermelha
111.3;111.98;NOVARTIS BIOCIENCIAS S.A;1006810530109;Tarja Vermelha
131.4;132.19;NOVARTIS BIOCIENCIAS S.A;1006810530141;Tarja Vermelha
111.3;111.98;NOVARTIS BIOCIENCIAS S.A;1006810530184;Tarja Vermelha
4074.11;4098.8;NOVARTIS BIOCIENCIAS S.A;1006810560024;Tarja Vermelha
4824.52;4853.76;NOVARTIS BIOCIENCIAS S.A;1006810560032;Tarja Vermelha
4824.52;4853.76;NOVARTIS BIOCIENCIAS S.A;1006810560059;Tarja Vermelha
164.99;165.99;NOVARTIS BIOCIENCIAS S.A;1006810590063;Tarja Vermelha (**)
41.23;41.48;NOVARTIS BIOCIENCIAS S.A;1006810590136;Tarja Vermelha (**)
164.99;165.99;NOVARTIS BIOCIENCIAS S.A;1006810590160;Tarja Vermelha (**)
41.23;41.48;NOVARTIS BIOCIENCIAS S.A;1006810590233;Tarja Vermelha (**)
164.99;165.99;NOVARTIS BIOCIENCIAS S.A;1006810590268;Tarja Vermelha (**)
0;0;NOVARTIS BIOCIENCIAS S.A;1006810600077;Tarja Vermelha
14724.4;14813.7;NOVARTIS BIOCIENCIAS S.A;1006810600093;Tarja Vermelha
7940.02;7988.14;NOVARTIS BIOCIENCIAS S.A;1006810650015;Tarja Vermelha
15880.1;15976.3;NOVARTIS BIOCIENCIAS S.A;1006810650023;Tarja Vermelha
3969.95;3994.01;NOVARTIS BIOCIENCIAS S.A;1006810650031;Tarja Vermelha
50900.9;58880;NOVARTIS BIOCIENCIAS S.A;1006810680011;Tarja Vermelha (**)
50900.9;58880;NOVARTIS BIOCIENCIAS S.A;1006810680038;Tarja Vermelha (**)
41.66;41.92;NOVARTIS BIOCIENCIAS S.A;1006810730019;Tarja Vermelha
125.11;125.87;NOVARTIS BIOCIENCIAS S.A;1006810730027;Tarja Vermelha
41.66;41.92;NOVARTIS BIOCIENCIAS S.A;1006810730051;Tarja Vermelha
125.11;125.87;NOVARTIS BIOCIENCIAS S.A;1006810730061;Tarja Vermelha
7669.84;8872.14;NOVARTIS BIOCIENCIAS S.A;1006810760031;Tarja Vermelha (**)
61.12;61.49;NOVARTIS BIOCIENCIAS S.A;1006810820026;Tarja Vermelha
127.54;128.32;NOVARTIS BIOCIENCIAS S.A;1006810820034;Tarja Vermelha
150.11;151.02;NOVARTIS BIOCIENCIAS S.A;1006810820069;Tarja Vermelha
127.54;128.32;NOVARTIS BIOCIENCIAS S.A;1006810820093;Tarja Vermelha
150.11;151.02;NOVARTIS BIOCIENCIAS S.A;1006810820123;Tarja Vermelha
71.95;72.39;NOVARTIS BIOCIENCIAS S.A;1006810820141;Tarja Vermelha
150.11;151.02;NOVARTIS BIOCIENCIAS S.A;1006810820158;Tarja Vermelha
10.59;10.65;NOVARTIS BIOCIENCIAS S.A;1006810840019;Tarja Vermelha (**)
50.76;51.07;NOVARTIS BIOCIENCIAS S.A;1006810850014;Tarja Vermelha (**)
31.63;31.82;NOVARTIS BIOCIENCIAS S.A;1006810860011;Tarja Vermelha (**)
8.2;8.25;NOVARTIS BIOCIENCIAS S.A;1006810870015;Tarja Preta (**)
9.89;9.95;NOVARTIS BIOCIENCIAS S.A;1006810890016;Tarja Vermelha
8.48;9.81;NOVARTIS BIOCIENCIAS S.A;1006810900011;Tarja Vermelha (**)
21.47;21.6;NOVARTIS BIOCIENCIAS S.A;1006810930018;Tarja Vermelha sob restrio
17.25;19.96;NOVARTIS BIOCIENCIAS S.A;1006810950019;Tarja Preta (**)
23.59;27.29;NOVARTIS BIOCIENCIAS S.A;1006810960014;Tarja Vermelha
25.47;25.62;NOVARTIS BIOCIENCIAS S.A;1006810970011;Tarja Vermelha
7.41;7.45;NOVARTIS BIOCIENCIAS S.A;1006810970028;Tarja Vermelha
30.7;30.88;NOVARTIS BIOCIENCIAS S.A;1006810980015;Tarja Vermelha sob restrio
33.23;33.43;NOVARTIS BIOCIENCIAS S.A;1006810980023;Tarja Vermelha
25.29;25.44;NOVARTIS BIOCIENCIAS S.A;1006811000014;Tarja Vermelha sob restrio
32.08;32.28;NOVARTIS BIOCIENCIAS S.A;1006811000022;Tarja Vermelha sob restrio
18.12;20.96;NOVARTIS BIOCIENCIAS S.A;1006811010011;Tarja Preta (**)
33.23;33.43;NOVARTIS BIOCIENCIAS S.A;1006811020015;Tarja Vermelha sob restrio
25.77;25.93;NOVARTIS BIOCIENCIAS S.A;1006811030010;Tarja Vermelha sob restrio
123.52;124.27;NOVARTIS BIOCIENCIAS S.A;1006811040016;Tarja Vermelha
247.1;248.59;NOVARTIS BIOCIENCIAS S.A;1006811040024;Tarja Vermelha
59.66;60.02;NOVARTIS BIOCIENCIAS S.A;1006811050021;Tarja Vermelha (**)
107.37;108.02;NOVARTIS BIOCIENCIAS S.A;1006811050038;Tarja Vermelha (**)
15.36;15.45;NOVARTIS BIOCIENCIAS S.A;1006811060017;Tarja Vermelha sob restrio
25.06;25.21;NOVARTIS BIOCIENCIAS S.A;1006811060025;Tarja Vermelha sob restrio
13.04;15.08;NOVARTIS BIOCIENCIAS S.A;1006811070012;Tarja Vermelha
64.33;74.41;NOVARTIS BIOCIENCIAS S.A;1006811080018;Tarja Vermelha
77.19;89.3;NOVARTIS BIOCIENCIAS S.A;1006811080026;Tarja Vermelha
118.8;119.52;NOVARTIS BIOCIENCIAS S.A;1006811090013;Tarja Vermelha
237.58;239.02;NOVARTIS BIOCIENCIAS S.A;1006811090021;Tarja Vermelha
52.16;52.47;NOVARTIS BIOCIENCIAS S.A;1006811100019;Tarja Vermelha
52.16;52.47;NOVARTIS BIOCIENCIAS S.A;1006811100051;Tarja Vermelha
26.95;27.12;NOVARTIS BIOCIENCIAS S.A;1006811110014;Tarja Vermelha
35.98;36.19;NOVARTIS BIOCIENCIAS S.A;1006811110030;Tarja Vermelha
34.84;35.05;NOVARTIS BIOCIENCIAS S.A;1006811120028;Tarja Vermelha (**)
69.37;69.79;NOVARTIS BIOCIENCIAS S.A;1006811140010;Tarja Vermelha (**)
12.1;14;NOVARTIS BIOCIENCIAS S.A;1006811150016;Tarja Preta (**)
10.54;12.19;NOVARTIS BIOCIENCIAS S.A;1006811160011;Tarja Preta (**)
172.56;199.61;NOVARTIS BIOCIENCIAS S.A;1006811170025;Tarja Vermelha
46.63;53.94;NOVARTIS BIOCIENCIAS S.A;1006811170033;Tarja Vermelha
14773.9;17089.8;NOVARTIS BIOCIENCIAS S.A;1006811210019;Tarja Vermelha
26633.1;30808;NOVARTIS BIOCIENCIAS S.A;1006811210027;Tarja Vermelha
26633.1;30808;NOVARTIS BIOCIENCIAS S.A;1006811210035;Tarja Vermelha
20883.4;24157.1;NOVARTIS BIOCIENCIAS S.A;1006811210043;Tarja Vermelha
3529.93;4083.26;NOVARTIS BIOCIENCIAS S.A;1006811220014;Tarja Vermelha (**)
3529.93;4083.26;NOVARTIS BIOCIENCIAS S.A;1006811220022;Tarja Vermelha (**)
7059.89;8166.58;NOVARTIS BIOCIENCIAS S.A;1006811220030;Tarja Vermelha (**)
3529.93;4083.26;NOVARTIS BIOCIENCIAS S.A;1006811220049;Tarja Vermelha (**)
7059.89;8166.58;NOVARTIS BIOCIENCIAS S.A;1006811220057;Tarja Vermelha (**)
1764.96;2041.63;NOVARTIS BIOCIENCIAS S.A;1006811220065;- (*) 
7059.89;8166.58;NOVARTIS BIOCIENCIAS S.A;1006811220073;- (*) 
7059.89;8166.58;NOVARTIS BIOCIENCIAS S.A;1006811220081;- (*) 
87.35;101.04;NOVARTIS BIOCIENCIAS S.A;1006811230011;Tarja Vermelha
218.43;252.67;NOVARTIS BIOCIENCIAS S.A;1006811230028;Tarja Vermelha
11.92;11.99;NOVARTIS BIOCIENCIAS S.A;1006811240112;Tarja Vermelha
23.61;23.76;NOVARTIS BIOCIENCIAS S.A;1006811240155;Tarja Vermelha
11.92;11.99;NOVARTIS BIOCIENCIAS S.A;1006811240430;Tarja Vermelha
23.61;23.76;NOVARTIS BIOCIENCIAS S.A;1006811240511;Tarja Vermelha
39.41;39.65;NOVARTIS BIOCIENCIAS S.A;1006811250010;Tarja Vermelha (**)
19971.3;23102;NOVARTIS BIOCIENCIAS S.A;1006811270011;Tarja Vermelha
4992.82;5775.48;NOVARTIS BIOCIENCIAS S.A;1006811270021;Tarja Vermelha
27.71;27.88;NOVARTIS BIOCIENCIAS S.A;1006811280025;Tarja Vermelha (**)
39.58;39.82;NOVARTIS BIOCIENCIAS S.A;1006811280033;Tarja Vermelha (**)
23.78;23.93;NOVARTIS BIOCIENCIAS S.A;1006811290039;Tarja Vermelha (**)
37.01;37.24;NOVARTIS BIOCIENCIAS S.A;1006811290071;Tarja Vermelha (**)
17.31;17.42;NOVARTIS BIOCIENCIAS S.A;1006811300026;Tarja Vermelha sob restrio
25.95;26.11;NOVARTIS BIOCIENCIAS S.A;1006811300034;Tarja Vermelha sob restrio
58.87;68.1;NOVARTIS BIOCIENCIAS S.A;1006811310013;Tarja Vermelha
94.22;108.99;NOVARTIS BIOCIENCIAS S.A;1006811310021;Tarja Vermelha
2034;2352.85;NOVARTIS BIOCIENCIAS S.A;1006811320019;Tarja Vermelha
4068.41;4706.17;NOVARTIS BIOCIENCIAS S.A;1006811320035;Tarja Vermelha
44.45;44.72;NOVARTIS BIOCIENCIAS S.A;1006811340087;Tarja Vermelha (**)
23162;26792.8;NOVARTIS BIOCIENCIAS S.A;1006811350023;Tarja Vermelha
34743.1;40189.2;NOVARTIS BIOCIENCIAS S.A;1006811350041;Tarja Vermelha (**)
3119.79;3138.7;NOVARTIS BIOCIENCIAS S.A;1006811360010;Tarja Preta
6241.55;6279.38;NOVARTIS BIOCIENCIAS S.A;1006811360037;Tarja Preta
12483.1;12558.8;NOVARTIS BIOCIENCIAS S.A;1006811360045;Tarja Preta
5739.58;5774.36;NOVARTIS BIOCIENCIAS S.A;1006811370024;Tarja Vermelha
334.88;336.91;NOVARTIS BIOCIENCIAS S.A;1006811390033;Tarja Vermelha (**)
671.4;675.47;NOVARTIS BIOCIENCIAS S.A;1006811390041;Tarja Vermelha (**)
1754.96;1765.6;NOVARTIS BIOCIENCIAS S.A;1006811400012;Tarja Vermelha (**)
117.49;135.91;NOVARTIS BIOCIENCIAS S.A;1006811410018;Tarja Vermelha
117.49;135.91;NOVARTIS BIOCIENCIAS S.A;1006811410026;Tarja Vermelha
251.79;291.25;NOVARTIS BIOCIENCIAS S.A;1006811410034;Tarja Vermelha
117.49;135.91;NOVARTIS BIOCIENCIAS S.A;1006811410042;Tarja Vermelha
251.79;291.25;NOVARTIS BIOCIENCIAS S.A;1006811410050;Tarja Vermelha
50.89;51.2;NOVARTIS BIOCIENCIAS S.A;1006811430035;Tarja Vermelha sob restrio
54.28;54.61;NOVARTIS BIOCIENCIAS S.A;1006811440022;Tarja Vermelha
96.47;97.05;NOVARTIS BIOCIENCIAS S.A;1006811440057;Tarja Vermelha
36.42;36.64;NOVARTIS BIOCIENCIAS S.A;1006811450011;Tarja Vermelha sob restrio
51.42;51.73;NOVARTIS BIOCIENCIAS S.A;1006811450036;Tarja Vermelha sob restrio
109.53;110.19;NOVARTIS BIOCIENCIAS S.A;1006811460041;Tarja Vermelha sob restrio
141.89;142.75;NOVARTIS BIOCIENCIAS S.A;1006811460082;Tarja Vermelha sob restrio
49.29;49.59;NOVARTIS BIOCIENCIAS S.A;1006811470045;Tarja Vermelha sob restrio
16.41;16.51;NOVARTIS BIOCIENCIAS S.A;1006811490011;Tarja Vermelha
44.24;44.51;NOVARTIS BIOCIENCIAS S.A;1006811490038;Tarja Vermelha
27.59;27.76;NOVARTIS BIOCIENCIAS S.A;1006811500025;Tarja Vermelha
27.59;27.76;NOVARTIS BIOCIENCIAS S.A;1006811500041;Tarja Vermelha
9.51;9.56;NOVARTIS BIOCIENCIAS S.A;1006811510020;Tarja Vermelha
19.52;19.64;NOVARTIS BIOCIENCIAS S.A;1006811510063;Tarja Vermelha
21.27;21.39;NOVARTIS BIOCIENCIAS S.A;1006811520026;Tarja Vermelha sob restrio
28.2;28.38;NOVARTIS BIOCIENCIAS S.A;1006811540019;Tarja Vermelha
9.54;9.6;NOVARTIS BIOCIENCIAS S.A;1006811540051;Tarja Vermelha
22.83;22.97;NOVARTIS BIOCIENCIAS S.A;1006811550103;Tarja Vermelha sob restrio
75504.6;87340.5;NOVARTIS BIOCIENCIAS S.A;1006811560011;Tarja Vermelha
5533.76;6401.22;NOVARTIS BIOCIENCIAS S.A;1006811570015;Tarja Vermelha
11067.6;12802.5;NOVARTIS BIOCIENCIAS S.A;1006811570023;Tarja Vermelha
16601.3;19203.7;NOVARTIS BIOCIENCIAS S.A;1006811570031;Tarja Vermelha
1924.03;2225.64;NOVARTIS BIOCIENCIAS S.A;1006811600038;Tarja Vermelha
1924.03;2225.64;NOVARTIS BIOCIENCIAS S.A;1006811600054;Tarja Vermelha
28.6;28.78;NOVARTIS BIOCIENCIAS S.A;1006811610033;- (*) 
28.6;28.78;NOVARTIS BIOCIENCIAS S.A;1006811610076;- (*) 
35.91;41.54;NOVARTIS BIOCIENCIAS S.A;1006811620039;Tarja Vermelha sob restrio
120.45;139.33;NOVARTIS BIOCIENCIAS S.A;1006811620081;Tarja Vermelha sob restrio
20.92;21.04;NOVARTIS BIOCIENCIAS S.A;1006811630034;Tarja Vermelha
32.41;32.61;NOVARTIS BIOCIENCIAS S.A;1006811630077;Tarja Vermelha
89.61;90.16;NOVARTIS BIOCIENCIAS S.A;1006811640064;Tarja Vermelha sob restrio
47.2;47.49;NOVARTIS BIOCIENCIAS S.A;1006811640129;Tarja Vermelha sob restrio
65.72;66.12;NOVARTIS BIOCIENCIAS S.A;1006811640137;Tarja Vermelha sob restrio
19106.1;22101.1;NOVARTIS BIOCIENCIAS S.A;1006811650019;Tarja Vermelha
19106.1;22101.1;NOVARTIS BIOCIENCIAS S.A;1006811650027;Tarja Vermelha
19106.1;22101.1;NOVARTIS BIOCIENCIAS S.A;1006811650035;Tarja Vermelha
9581.39;11083.3;NOVARTIS BIOCIENCIAS S.A;1006811650043;Tarja Vermelha
9581.39;11083.3;NOVARTIS BIOCIENCIAS S.A;1006811650061;Tarja Vermelha
51.84;52.16;NOVARTIS BIOCIENCIAS S.A;1006811660022;Tarja Vermelha
80.49;80.98;NOVARTIS BIOCIENCIAS S.A;1006811660030;Tarja Vermelha
13.72;13.81;NOVARTIS BIOCIENCIAS S.A;1006811670028;Tarja Vermelha
48.63;48.92;NOVARTIS BIOCIENCIAS S.A;1006811680104;Tarja Vermelha sob restrio
73.13;73.58;NOVARTIS BIOCIENCIAS S.A;1006811680112;Tarja Vermelha sob restrio
6789.75;7854.08;NOVARTIS BIOCIENCIAS S.A;1006811690010;- (*) 
64.86;65.25;NOVARTIS BIOCIENCIAS S.A;1006811700067;Tarja Vermelha
76.11;76.57;NOVARTIS BIOCIENCIAS S.A;1006811710011;Tarja Vermelha sob restrio
83.28;83.78;NOVARTIS BIOCIENCIAS S.A;1006811710054;Tarja Vermelha sob restrio
2.45956e+006;2.84511e+006;NOVARTIS BIOCIENCIAS S.A;1006811730012;Tarja Vermelha
7.74222e+006;8.95586e+006;NOVARTIS BIOCIENCIAS S.A;1006811740018;Tarja Vermelha
7.74222e+006;8.95586e+006;NOVARTIS BIOCIENCIAS S.A;1006811740026;Tarja Vermelha
7.74222e+006;8.95586e+006;NOVARTIS BIOCIENCIAS S.A;1006811740034;Tarja Vermelha
7.74222e+006;8.95586e+006;NOVARTIS BIOCIENCIAS S.A;1006811740042;Tarja Vermelha
7.74222e+006;8.95586e+006;NOVARTIS BIOCIENCIAS S.A;1006811740050;Tarja Vermelha
7.74222e+006;8.95586e+006;NOVARTIS BIOCIENCIAS S.A;1006811740069;Tarja Vermelha
7.74222e+006;8.95586e+006;NOVARTIS BIOCIENCIAS S.A;1006811740077;Tarja Vermelha
7.74222e+006;8.95586e+006;NOVARTIS BIOCIENCIAS S.A;1006811740085;Tarja Vermelha
7.74222e+006;8.95586e+006;NOVARTIS BIOCIENCIAS S.A;1006811740093;Tarja Vermelha
7.74222e+006;8.95586e+006;NOVARTIS BIOCIENCIAS S.A;1006811740107;Tarja Vermelha
7.74222e+006;8.95586e+006;NOVARTIS BIOCIENCIAS S.A;1006811740115;Tarja Vermelha
7.74222e+006;8.95586e+006;NOVARTIS BIOCIENCIAS S.A;1006811740123;Tarja Vermelha
7.74222e+006;8.95586e+006;NOVARTIS BIOCIENCIAS S.A;1006811740131;Tarja Vermelha
7.74222e+006;8.95586e+006;NOVARTIS BIOCIENCIAS S.A;1006811740141;Tarja Vermelha
7.74222e+006;8.95586e+006;NOVARTIS BIOCIENCIAS S.A;1006811740158;Tarja Vermelha
7.74222e+006;8.95586e+006;NOVARTIS BIOCIENCIAS S.A;1006811740166;Tarja Vermelha
7.74222e+006;8.95586e+006;NOVARTIS BIOCIENCIAS S.A;1006811740174;Tarja Vermelha
7.74222e+006;8.95586e+006;NOVARTIS BIOCIENCIAS S.A;1006811740182;Tarja Vermelha
7.74222e+006;8.95586e+006;NOVARTIS BIOCIENCIAS S.A;1006811740190;Tarja Vermelha
7.74222e+006;8.95586e+006;NOVARTIS BIOCIENCIAS S.A;1006811740204;Tarja Vermelha
7.74222e+006;8.95586e+006;NOVARTIS BIOCIENCIAS S.A;1006811740212;Tarja Vermelha
7.74222e+006;8.95586e+006;NOVARTIS BIOCIENCIAS S.A;1006811740220;Tarja Vermelha
91.47;92.02;NOVARTIS BIOCIENCIAS S.A;1006811750021;Tarja Vermelha sob restrio
76.23;76.69;NOVARTIS BIOCIENCIAS S.A;1006811750031;Tarja Vermelha sob restrio
9463.97;10947.5;NOVARTIS BIOCIENCIAS S.A;1006811760019;- (*) 
175.29;176.35;NOVARTIS BIOCIENCIAS S.A;1006811770014;Tarja Vermelha sob restrio
105.16;105.79;NOVARTIS BIOCIENCIAS S.A;1006811770022;Tarja Vermelha sob restrio
43244.2;50023;NOVARTIS BIOCIENCIAS S.A;1006811780011;Tarja Vermelha
43244.2;50023;NOVARTIS BIOCIENCIAS S.A;1006811780028;Tarja Vermelha
289.11;334.43;NOVARTIS BIOCIENCIAS S.A;1006811790015;Tarja Vermelha
2891.13;3344.34;NOVARTIS BIOCIENCIAS S.A;1006811790023;Tarja Vermelha
5396.79;6242.77;NOVARTIS BIOCIENCIAS S.A;1006811790031;Tarja Vermelha
1.68697e+006;1.95141e+006;NOVARTIS BIOCIENCIAS S.A;1006811800010;Tarja Vermelha
32.78;37.92;ZAMBON LABORATRIOS FARMACUTICOS LTDA.;1008400200024;Tarja Vermelha
95.64;110.64;ZAMBON LABORATRIOS FARMACUTICOS LTDA.;1008400200040;Tarja Vermelha
159.4;184.39;ZAMBON LABORATRIOS FARMACUTICOS LTDA.;1008400200059;Tarja Vermelha
318.83;368.8;ZAMBON LABORATRIOS FARMACUTICOS LTDA.;1008400200067;Tarja Vermelha
69.94;70.36;ZAMBON LABORATRIOS FARMACUTICOS LTDA.;1008400670051;Tarja Vermelha
28.22;28.39;ZAMBON LABORATRIOS FARMACUTICOS LTDA.;1008400670062;Tarja Vermelha
138.29;139.13;ZAMBON LABORATRIOS FARMACUTICOS LTDA.;1008400670074;Tarja Vermelha
42.37;42.63;ZAMBON LABORATRIOS FARMACUTICOS LTDA.;1008400670081;Tarja Vermelha
104.94;105.58;ZAMBON LABORATRIOS FARMACUTICOS LTDA.;1008400670111;Tarja Vermelha
207.45;208.7;ZAMBON LABORATRIOS FARMACUTICOS LTDA.;1008400670144;Tarja Vermelha
21.64;25.04;ZAMBON LABORATRIOS FARMACUTICOS LTDA.;1008400750148;Tarja Vermelha (**)
34.11;39.46;ZAMBON LABORATRIOS FARMACUTICOS LTDA.;1008400750261;Tarja Preta (**)
37.21;43.04;ZAMBON LABORATRIOS FARMACUTICOS LTDA.;1008400750271;Tarja Preta (**)
46.93;54.29;ZAMBON LABORATRIOS FARMACUTICOS LTDA.;1008400750288;Tarja Preta (**)
27.04;31.28;ZAMBON LABORATRIOS FARMACUTICOS LTDA.;1008400750377;Tarja Preta (**)
19.32;22.35;ZAMBON LABORATRIOS FARMACUTICOS LTDA.;1008400750407;Tarja Preta (**)
32.15;37.19;ZAMBON LABORATRIOS FARMACUTICOS LTDA.;1008400750441;Tarja Preta (**)
42.24;48.87;ZAMBON LABORATRIOS FARMACUTICOS LTDA.;1008400751039;Tarja Preta (**)
30.53;35.31;ZAMBON LABORATRIOS FARMACUTICOS LTDA.;1008400751047;Tarja Preta (**)
305.24;353.09;ZAMBON LABORATRIOS FARMACUTICOS LTDA.;1008400751071;Tarja Preta (**)
33.2;38.4;ZAMBON LABORATRIOS FARMACUTICOS LTDA.;1008400751128;Tarja Preta (**)
46.8;47.08;ZAMBON LABORATRIOS FARMACUTICOS LTDA.;1008401390021;Tarja Vermelha (**)
91.55;92.11;ZAMBON LABORATRIOS FARMACUTICOS LTDA.;1008401390031;Tarja Vermelha (**)
17.96;20.78;ZAMBON LABORATRIOS FARMACUTICOS LTDA.;1008401400043;Tarja Preta (**)
31.37;36.29;ZAMBON LABORATRIOS FARMACUTICOS LTDA.;1008401400051;Tarja Preta (**)
11.47;13.26;ZAMBON LABORATRIOS FARMACUTICOS LTDA.;1008401400078;Tarja Preta (**)
34.12;34.33;ZAMBON LABORATRIOS FARMACUTICOS LTDA.;1008401480063;Tarja Vermelha
14.03;16.23;ZAMBON LABORATRIOS FARMACUTICOS LTDA.;1008401480081;Tarja Sem Tarja
41.63;48.16;ZAMBON LABORATRIOS FARMACUTICOS LTDA.;1008401480098;Tarja Sem Tarja
6.66;6.7;ZAMBON LABORATRIOS FARMACUTICOS LTDA.;1008401480144;Tarja Vermelha
20.73;23.98;ZAMBON LABORATRIOS FARMACUTICOS LTDA.;1008401480179;Tarja Sem Tarja
20.73;23.98;ZAMBON LABORATRIOS FARMACUTICOS LTDA.;1008401480233;Tarja Sem Tarja
34.12;34.33;ZAMBON LABORATRIOS FARMACUTICOS LTDA.;1008401480268;Tarja Vermelha
14.18;16.4;ZAMBON LABORATRIOS FARMACUTICOS LTDA.;1008401480306;Tarja Sem Tarja
21.91;25.35;ZAMBON LABORATRIOS FARMACUTICOS LTDA.;1008401480314;Tarja Sem Tarja
25.7;29.73;ZAMBON LABORATRIOS FARMACUTICOS LTDA.;1008401480322;Tarja Sem Tarja
38.03;43.99;ZAMBON LABORATRIOS FARMACUTICOS LTDA.;1008401480330;Tarja Sem Tarja
30.48;30.67;ZAMBON LABORATRIOS FARMACUTICOS LTDA.;1008401590020;Tarja Vermelha (**)
22.58;26.12;ZAMBON LABORATRIOS FARMACUTICOS LTDA.;1008499470037;Tarja Vermelha (**)
30.96;35.81;ZAMBON LABORATRIOS FARMACUTICOS LTDA.;1008499470045;Tarja Vermelha (**)
68.98;79.79;ZAMBON LABORATRIOS FARMACUTICOS LTDA.;1008499560011;Tarja Vermelha
147.78;170.95;ZAMBON LABORATRIOS FARMACUTICOS LTDA.;1008499560028;Tarja Vermelha
443.33;512.83;ZAMBON LABORATRIOS FARMACUTICOS LTDA.;1008499560036;Tarja Vermelha
295.55;341.88;ZAMBON LABORATRIOS FARMACUTICOS LTDA.;1008499560044;Tarja Vermelha
886.67;1025.66;ZAMBON LABORATRIOS FARMACUTICOS LTDA.;1008499560052;Tarja Vermelha
171.72;172.76;LABORATRIOS B. BRAUN S/A;1008500060100;Tarja Vermelha (**)
130.59;131.38;LABORATRIOS B. BRAUN S/A;1008500060119;Tarja Vermelha (**)
2301.41;2315.36;LABORATRIOS B. BRAUN S/A;1008500130117;Tarja Vermelha (**)
4774.65;4803.59;LABORATRIOS B. BRAUN S/A;1008500130133;Tarja Vermelha (**)
369.53;371.77;LABORATRIOS B. BRAUN S/A;1008500240206;Tarja Vermelha (**)
195.52;196.7;LABORATRIOS B. BRAUN S/A;1008500240214;Tarja Vermelha (**)
165.27;166.27;LABORATRIOS B. BRAUN S/A;1008500240222;Tarja Vermelha (**)
112.71;113.39;LABORATRIOS B. BRAUN S/A;1008500240230;Tarja Vermelha (**)
217.83;219.15;LABORATRIOS B. BRAUN S/A;1008500240249;Tarja Vermelha (**)
208.33;209.59;LABORATRIOS B. BRAUN S/A;1008500240257;Tarja Vermelha (**)
147.43;148.33;LABORATRIOS B. BRAUN S/A;1008500240265;Tarja Vermelha (**)
346.31;348.41;LABORATRIOS B. BRAUN S/A;1008500240273;Tarja Vermelha (**)
365.77;367.99;LABORATRIOS B. BRAUN S/A;1008500350095;Tarja Vermelha (**)
189.18;190.33;LABORATRIOS B. BRAUN S/A;1008500350109;Tarja Vermelha (**)
151.27;152.18;LABORATRIOS B. BRAUN S/A;1008500350117;Tarja Vermelha (**)
102.88;103.5;LABORATRIOS B. BRAUN S/A;1008500350125;Tarja Vermelha (**)
398.18;400.59;LABORATRIOS B. BRAUN S/A;1008500350133;Tarja Vermelha (**)
506.42;509.49;LABORATRIOS B. BRAUN S/A;1008500420077;Tarja Vermelha (**)
171.46;172.5;LABORATRIOS B. BRAUN S/A;1008500440051;Tarja Vermelha (**)
112.83;113.52;LABORATRIOS B. BRAUN S/A;1008500440061;Tarja Vermelha (**)
162.14;163.13;LABORATRIOS B. BRAUN S/A;1008500450030;Tarja Vermelha (**)
663.1;667.12;LABORATRIOS B. BRAUN S/A;1008501070045;Tarja Vermelha
582.16;585.68;LABORATRIOS B. BRAUN S/A;1008501070071;Tarja Vermelha
2757.42;3189.67;LABORATRIOS B. BRAUN S/A;1008501090011;Tarja Vermelha (**)
1436.96;1662.21;LABORATRIOS B. BRAUN S/A;1008501090021;Tarja Vermelha (**)
906.17;1048.22;LABORATRIOS B. BRAUN S/A;1008501150014;Tarja Vermelha (**)
442.14;444.82;LABORATRIOS B. BRAUN S/A;1008501170155;Tarja Vermelha (**)
253.9;255.44;LABORATRIOS B. BRAUN S/A;1008501170163;Tarja Vermelha (**)
188.45;189.59;LABORATRIOS B. BRAUN S/A;1008501170171;Tarja Vermelha (**)
130.92;131.71;LABORATRIOS B. BRAUN S/A;1008501170181;Tarja Vermelha (**)
4243.94;4269.66;LABORATRIOS B. BRAUN S/A;1008501240021;Tarja Vermelha (**)
3481.76;3502.86;LABORATRIOS B. BRAUN S/A;1008501240031;Tarja Vermelha (**)
2857.4;2874.71;LABORATRIOS B. BRAUN S/A;1008501240048;- (*) 
4286.12;4312.1;LABORATRIOS B. BRAUN S/A;1008501240056;Tarja Vermelha (**)
2791.92;2808.84;LABORATRIOS B. BRAUN S/A;1008501240080;Tarja Vermelha (**)
4046.93;4071.45;LABORATRIOS B. BRAUN S/A;1008501240099;Tarja Vermelha (**)
1428.69;1437.35;LABORATRIOS B. BRAUN S/A;1008501240218;Tarja Vermelha (**)
272.93;274.58;LABORATRIOS B. BRAUN S/A;1008501330020;Tarja Vermelha sob restrio
1304.34;1312.24;LABORATRIOS B. BRAUN S/A;1008501330047;Tarja Vermelha sob restrio
2608.64;2624.45;LABORATRIOS B. BRAUN S/A;1008501330055;Tarja Vermelha sob restrio
1565.49;1574.98;LABORATRIOS B. BRAUN S/A;1008501370014;Tarja Vermelha (**)
473.02;547.17;LABORATRIOS B. BRAUN S/A;1008501380011;Tarja Vermelha
1145.57;1325.14;LABORATRIOS B. BRAUN S/A;1008501380028;Tarja Vermelha
2291.12;2650.27;LABORATRIOS B. BRAUN S/A;1008501380036;Tarja Vermelha
0;0;LABORATRIOS B. BRAUN S/A;1008501420021;Tarja Vermelha
0;0;LABORATRIOS B. BRAUN S/A;1008501430025;Tarja Vermelha (**)
0;0;LABORATRIOS B. BRAUN S/A;1008501430041;Tarja Vermelha (**)
0;0;LABORATRIOS B. BRAUN S/A;1008501440020;Tarja Vermelha (**)
0;0;LABORATRIOS B. BRAUN S/A;1008501440047;Tarja Vermelha (**)
288.39;290.13;LABORATRIOS B. BRAUN S/A;1008501450018;- (*) 
1730.45;1740.93;LABORATRIOS B. BRAUN S/A;1008501450026;- (*) 
139.23;140.07;LABORATRIOS B. BRAUN S/A;1008501450034;- (*) 
1392.48;1400.92;LABORATRIOS B. BRAUN S/A;1008501450042;- (*) 
137.74;159.33;LABORATRIOS B. BRAUN S/A;1008501470019;Tarja Vermelha
14.73;17.04;LABORATRIOS B. BRAUN S/A;1008501480022;Tarja Vermelha
29.48;34.1;LABORATRIOS B. BRAUN S/A;1008501480049;Tarja Vermelha
32.7;32.9;LABORATRIOS B. BRAUN S/A;1008501490011;Tarja Vermelha
65.41;65.81;LABORATRIOS B. BRAUN S/A;1008501490028;Tarja Vermelha
49.05;49.35;LABORATRIOS B. BRAUN S/A;1008501490036;Tarja Vermelha
98.11;98.7;LABORATRIOS B. BRAUN S/A;1008501490044;Tarja Vermelha
685.19;689.35;LABORATRIOS B. BRAUN S/A;1008501500023;Tarja Preta
1370.4;1378.7;LABORATRIOS B. BRAUN S/A;1008501500041;Tarja Preta
28.52;32.99;MERCK S/A;1008900900246;Tarja Preta (**)
24.74;28.62;MERCK S/A;1008900900254;Tarja Preta (**)
34.57;39.99;MERCK S/A;1008900900378;Tarja Preta (**)
35.5;41.06;MERCK S/A;1008900900459;Tarja Preta (**)
70.97;82.09;MERCK S/A;1008900900467;Tarja Preta (**)
28.52;32.99;MERCK S/A;1008900900483;Tarja Preta (**)
32.22;37.27;MERCK S/A;1008900900513;Tarja Preta (**)
34.57;39.99;MERCK S/A;1008900900548;Tarja Preta (**)
49.76;57.56;MERCK S/A;1008900900564;Tarja Preta (**)
37.32;43.17;MERCK S/A;1008900900637;Tarja Preta (**)
74.62;86.32;MERCK S/A;1008900900645;Tarja Preta (**)
53.14;61.47;MERCK S/A;1008900900671;Tarja Preta (**)
25.78;25.94;MERCK S/A;1008901930017;Tarja Vermelha
19.17;19.28;MERCK S/A;1008901930025;Tarja Vermelha
36.59;36.81;MERCK S/A;1008901930051;Tarja Vermelha
77.04;77.5;MERCK S/A;1008901940063;Tarja Vermelha
44.37;44.64;MERCK S/A;1008901940111;Tarja Vermelha
88.71;89.25;MERCK S/A;1008901940128;Tarja Vermelha
53.95;54.28;MERCK S/A;1008901940233;Tarja Vermelha
107.88;108.53;MERCK S/A;1008901940241;Tarja Vermelha
122.96;123.71;MERCK S/A;1008901940306;Tarja Vermelha
55;55.33;MERCK S/A;1008901940446;Tarja Vermelha
47.57;47.85;MERCK S/A;1008901940454;Tarja Vermelha
63.35;63.73;MERCK S/A;1008901940500;Tarja Vermelha
54.77;55.1;MERCK S/A;1008901940519;Tarja Vermelha
77.06;77.53;MERCK S/A;1008901940561;Tarja Vermelha
66.64;67.04;MERCK S/A;1008901940578;Tarja Vermelha
87.82;88.35;MERCK S/A;1008901940624;Tarja Vermelha
75.93;76.39;MERCK S/A;1008901940632;Tarja Vermelha
72.04;72.47;MERCK S/A;1008902010078;Tarja Vermelha
93.69;94.25;MERCK S/A;1008902010086;Tarja Vermelha
94.94;95.52;MERCK S/A;1008902010094;Tarja Vermelha
72.04;72.47;MERCK S/A;1008902010140;Tarja Vermelha
93.69;94.25;MERCK S/A;1008902010167;Tarja Vermelha
11.08;11.15;MERCK S/A;1008902020601;Tarja Vermelha
24.36;24.51;MERCK S/A;1008902020618;Tarja Vermelha
12.57;12.64;MERCK S/A;1008902020634;Tarja Vermelha
27.89;28.06;MERCK S/A;1008902020642;Tarja Vermelha
13.82;13.9;MERCK S/A;1008902020669;Tarja Vermelha
30.82;31.01;MERCK S/A;1008902020677;Tarja Vermelha
10.96;11.03;MERCK S/A;1008902020693;Tarja Vermelha
31.86;32.05;MERCK S/A;1008902020707;Tarja Vermelha
15.92;16.01;MERCK S/A;1008902020723;Tarja Vermelha
35.6;35.82;MERCK S/A;1008902020731;Tarja Vermelha
17.06;17.16;MERCK S/A;1008902020758;Tarja Vermelha
38.2;38.44;MERCK S/A;1008902020766;Tarja Vermelha
19.99;20.11;MERCK S/A;1008902020782;Tarja Vermelha
42.95;43.21;MERCK S/A;1008902020790;Tarja Vermelha
26.46;26.62;MERCK S/A;1008902020812;Tarja Vermelha
47.28;47.56;MERCK S/A;1008902020820;Tarja Vermelha
13.95;14.04;MERCK S/A;1008902021339;Tarja Vermelha
28.18;28.35;MERCK S/A;1008902021347;Tarja Vermelha
17.77;17.88;MERCK S/A;1008902021381;Tarja Vermelha
35.9;36.12;MERCK S/A;1008902021398;Tarja Vermelha
30.27;30.45;MERCK S/A;1008902120051;Tarja Vermelha
21;21.13;MERCK S/A;1008902120061;Tarja Vermelha
45.37;45.65;MERCK S/A;1008902120078;Tarja Vermelha
61.96;62.34;MERCK S/A;1008902150023;Tarja Vermelha (**)
15.86;15.95;MERCK S/A;1008902470028;Tarja Vermelha
38.27;38.5;MERCK S/A;1008902470036;Tarja Vermelha
52.43;52.75;MERCK S/A;1008902490037;Tarja Vermelha (**)
6.24;6.28;MERCK S/A;1008902540026;Tarja Vermelha
18.69;18.8;MERCK S/A;1008902540042;Tarja Vermelha
11.9;11.98;MERCK S/A;1008902540050;Tarja Vermelha
35.73;35.95;MERCK S/A;1008902540077;Tarja Vermelha
24.12;24.27;MERCK S/A;1008902540085;Tarja Vermelha
72.39;72.82;MERCK S/A;1008902540093;Tarja Vermelha
14;14.08;MERCK S/A;1008902700023;Tarja Vermelha (**)
28.12;28.29;MERCK S/A;1008902700066;Tarja Vermelha (**)
36.53;36.75;MERCK S/A;1008902700112;Tarja Vermelha (**)
62.76;63.14;MERCK S/A;1008902700201;Tarja Vermelha (**)
58.52;58.87;MERCK S/A;1008902730038;Tarja Vermelha
46.71;46.99;MERCK S/A;1008902730070;Tarja Vermelha
29.25;29.43;MERCK S/A;1008902730089;Tarja Vermelha
16.28;16.38;MERCK S/A;1008902750012;Tarja Vermelha (**)
11.98;12.05;MERCK S/A;1008902750020;Tarja Vermelha (**)
22.28;22.41;MERCK S/A;1008902750039;Tarja Vermelha (**)
30.27;30.45;MERCK S/A;1008902750055;Tarja Vermelha (**)
22.36;22.5;MERCK S/A;1008902750063;Tarja Vermelha (**)
42.89;43.15;MERCK S/A;1008902770021;Tarja Vermelha
117.04;117.75;MERCK S/A;1008902770072;Tarja Vermelha
117.04;117.75;MERCK S/A;1008902770129;Tarja Vermelha
99.73;100.34;MERCK S/A;1008902800028;Tarja Vermelha (**)
195.81;196.99;MERCK S/A;1008902800060;Tarja Vermelha (**)
119.69;120.41;MERCK S/A;1008902800109;- (*) 
195.81;196.99;MERCK S/A;1008902800117;- (*) 
70.43;70.86;MERCK S/A;1008902810023;Tarja Vermelha
70.43;70.86;MERCK S/A;1008902810041;Tarja Vermelha
19.06;19.18;MERCK S/A;1008902920015;Tarja Vermelha
35.71;35.93;MERCK S/A;1008902920031;Tarja Vermelha
31.05;35.91;MERCK S/A;1008902980026;Tarja Vermelha (**)
33.81;34.01;MERCK S/A;1008903230012;Tarja Vermelha (**)
119.94;120.67;MERCK S/A;1008903270065;Tarja Vermelha (**)
17.28;19.98;MERCK S/A;1008903340063;Tarja Vermelha (**)
1131.35;1138.21;MERCK S/A;1008903350034;Tarja Vermelha (**)
5656.67;5690.96;MERCK S/A;1008903350050;Tarja Vermelha (**)
17.19;19.88;MERCK S/A;1008903360048;Tarja Preta (**)
7.57;7.61;MERCK S/A;1008903400031;Tarja Vermelha
8.69;8.74;MERCK S/A;1008903400090;Tarja Vermelha
26.11;26.27;MERCK S/A;1008903400120;Tarja Vermelha
12.11;12.18;MERCK S/A;1008903400171;Tarja Vermelha
36.3;36.52;MERCK S/A;1008903400181;Tarja Vermelha
8.95;9.01;MERCK S/A;1008903400228;Tarja Vermelha
26.84;27.01;MERCK S/A;1008903400236;Tarja Vermelha
27.12;27.28;MERCK S/A;1008903410010;Tarja Vermelha
52.59;52.91;MERCK S/A;1008903410029;Tarja Vermelha
27.39;27.55;MERCK S/A;1008903470072;Tarja Vermelha
54.45;54.78;MERCK S/A;1008903470171;Tarja Vermelha
54.45;54.78;MERCK S/A;1008903470226;Tarja Vermelha
50.66;50.97;MERCK S/A;1008903490022;Tarja Vermelha sob restrio
64.05;64.44;MERCK S/A;1008903490057;Tarja Vermelha sob restrio
135.7;136.52;MERCK S/A;1008903490081;Tarja Vermelha sob restrio
154.49;155.43;MERCK S/A;1008903500011;Tarja Vermelha (**)
637.64;641.5;MERCK S/A;1008903500028;Tarja Vermelha (**)
483.05;485.98;MERCK S/A;1008903500044;Tarja Vermelha (**)
966.12;971.98;MERCK S/A;1008903500052;Tarja Vermelha (**)
1610.2;1619.96;MERCK S/A;1008903500060;Tarja Vermelha (**)
11586.3;11656.5;MERCK S/A;1008903510023;Tarja Vermelha (**)
13181.4;13261.3;MERCK S/A;1008903510041;Tarja Vermelha (**)
127.02;127.79;MERCK S/A;1008903520029;Tarja Vermelha
162.48;163.47;MERCK S/A;1008903540011;Tarja Vermelha (**)
22.72;22.86;MERCK S/A;1008903590027;Tarja Vermelha
37.88;38.11;MERCK S/A;1008903590035;Tarja Vermelha
309.14;357.6;MERCK S/A;1008903600014;Tarja Vermelha
618.31;715.23;MERCK S/A;1008903600049;Tarja Vermelha
927.44;1072.82;MERCK S/A;1008903600057;Tarja Vermelha
1854.9;2145.67;MERCK S/A;1008903600065;Tarja Vermelha
157.49;158.45;MERCK S/A;1008903620066;Tarja Vermelha (**)
211.51;212.79;MERCK S/A;1008903630010;Tarja Vermelha (**)
845.98;851.1;MERCK S/A;1008903630096;Tarja Vermelha (**)
1269.01;1276.7;MERCK S/A;1008903630101;Tarja Vermelha (**)
2538;2553.38;MERCK S/A;1008903630118;Tarja Vermelha (**)
532.47;535.7;MERCK S/A;1008903650011;Tarja Vermelha (**)
293.53;295.31;MERCK S/A;1008903650021;Tarja Vermelha (**)
275.23;276.9;MERCK S/A;1008903690013;Tarja Vermelha
93.69;94.25;MERCK S/A;1008903720011;Tarja Vermelha
94.94;95.52;MERCK S/A;1008903720028;Tarja Vermelha
393.78;396.17;MERCK S/A;1008903760054;Tarja Vermelha (**)
8.57;8.62;MERCK S/A;1008903790034;Tarja Vermelha
16.98;17.08;MERCK S/A;1008903790123;Tarja Vermelha
21.25;21.38;MERCK S/A;1008903790182;Tarja Vermelha
74.47;74.92;MERCK S/A;1008903810027;Tarja Vermelha sob restrio
114.23;114.92;MERCK S/A;1008903810043;Tarja Vermelha sob restrio
1006.63;1012.73;MERCK S/A;1008903820014;Tarja Vermelha
1006.63;1012.73;MERCK S/A;1008903820022;Tarja Vermelha
77.06;77.53;MERCK S/A;1008903830011;Tarja Vermelha sob restrio
85.46;85.98;MERCK S/A;1008903830028;Tarja Vermelha sob restrio
131.01;131.81;MERCK S/A;1008903830044;Tarja Vermelha sob restrio
53.65;53.98;MERCK S/A;1008903840279;Tarja Vermelha
75.13;75.59;MERCK S/A;1008903840333;Tarja Vermelha
85.63;86.15;MERCK S/A;1008903840392;Tarja Vermelha
14.58;14.67;MERCK S/A;1008903850029;Tarja Vermelha
28.6;28.78;MERCK S/A;1008903850053;Tarja Vermelha
55.55;55.89;MERCK S/A;1008903850071;Tarja Vermelha
66.63;67.03;MERCK S/A;1008903850096;Tarja Vermelha
36.84;37.07;MERCK S/A;1008903860032;Tarja Vermelha (**)
13.07;13.15;MERCK S/A;1008903870011;Tarja Vermelha
38.72;38.96;MERCK S/A;1008903870070;Tarja Vermelha
19.59;19.71;MERCK S/A;1008903870089;Tarja Vermelha
14.67;14.76;MERCK S/A;1008903880017;Tarja Vermelha
36.95;37.18;MERCK S/A;1008903880025;Tarja Vermelha
77.89;78.36;MERCK S/A;1008903910021;Tarja Vermelha
7.55;7.6;MERCK S/A;1008903920019;Tarja Vermelha (**)
8.35;8.4;MERCK S/A;1008903920043;Tarja Vermelha (**)
9.12;9.18;MERCK S/A;1008903920078;Tarja Vermelha (**)
7.12;7.16;MERCK S/A;1008903920108;Tarja Vermelha (**)
10.43;10.5;MERCK S/A;1008903920132;Tarja Vermelha (**)
11.25;11.32;MERCK S/A;1008903920167;Tarja Vermelha (**)
14.2;14.29;MERCK S/A;1008903920191;Tarja Vermelha (**)
24.55;24.7;MERCK S/A;1008903920221;Tarja Vermelha (**)
10.99;11.05;MERCK S/A;1008903920663;Tarja Vermelha (**)
14;14.08;MERCK S/A;1008903920711;Tarja Vermelha (**)
62.55;62.93;MERCK S/A;1008903930014;Tarja Vermelha (**)
64.33;64.72;MERCK S/A;1008903960029;Tarja Vermelha sob restrio
96.63;97.21;MERCK S/A;1008903970016;Tarja Vermelha (**)
193.25;194.42;MERCK S/A;1008903970024;Tarja Vermelha (**)
128.46;129.24;MERCK S/A;1008903980021;Tarja Vermelha (**)
89.02;89.56;MERCK S/A;1008903980062;Tarja Vermelha (**)
133.51;134.32;MERCK S/A;1008903980070;Tarja Vermelha (**)
114.1;114.79;MERCK S/A;1008903990025;Tarja Vermelha (**)
81.29;81.78;MERCK S/A;1008903990068;Tarja Vermelha (**)
121.94;122.68;MERCK S/A;1008903990076;Tarja Vermelha (**)
44.83;45.1;MERCK S/A;1008904020011;Tarja Vermelha sob restrio
6096.72;7052.42;MERCK S/A;1008904030017;Tarja Vermelha
33.34;38.56;MERCK S/A;1008904040012;Tarja Vermelha
66.68;77.14;MERCK S/A;1008904040020;Tarja Vermelha
33.34;38.56;MERCK S/A;1008904040039;Tarja Vermelha
33.34;38.56;MERCK S/A;1008904040055;Tarja Vermelha
23.48;23.62;MERCK S/A;1008904060013;Tarja Vermelha
45.71;45.99;MERCK S/A;1008904060048;Tarja Vermelha
91.42;91.98;MERCK S/A;1008904060056;Tarja Vermelha
12448.7;12524.1;MERCK S/A;1008904110010;Tarja Vermelha
49794.6;50096.4;MERCK S/A;1008904110029;Tarja Vermelha
74691.9;75144.6;MERCK S/A;1008904110045;Tarja Vermelha
26.55;26.72;MERCK S/A;1008904120016;Tarja Vermelha
39.66;39.9;MERCK S/A;1008904120024;Tarja Vermelha
66.73;67.14;MERCK S/A;1008904120059;Tarja Vermelha
57.36;66.35;MERCK S/A;1008904130011;Tarja Vermelha
63.96;73.99;MERCK S/A;1008904130021;Tarja Vermelha
63.96;73.99;MERCK S/A;1008904130038;Tarja Vermelha
70.59;81.65;MERCK S/A;1008904130046;Tarja Vermelha
43244.2;50023;MERCK S/A;1008904140017;Tarja Vermelha
241.26;279.08;MERCK S/A;1008904150012;Tarja Vermelha sob restrio
8.91;10.3;LABORATORIO INDUSTRIAL FARMACUTICO LIFAR LTDA;1009200250018;Tarja Preta (**)
11.68;13.51;LABORATORIO INDUSTRIAL FARMACUTICO LIFAR LTDA;1009200450017;Tarja Preta (**)
19.34;19.45;PRODUTOS ROCHE QUMICOS E FARMACUTICOS S.A.;1010000370064;Tarja Vermelha
14.42;14.51;PRODUTOS ROCHE QUMICOS E FARMACUTICOS S.A.;1010000370080;Tarja Vermelha
82.93;83.43;PRODUTOS ROCHE QUMICOS E FARMACUTICOS S.A.;1010000640066;Tarja Vermelha
61.58;61.95;PRODUTOS ROCHE QUMICOS E FARMACUTICOS S.A.;1010000640071;Tarja Vermelha
61.58;61.95;PRODUTOS ROCHE QUMICOS E FARMACUTICOS S.A.;1010000640126;Tarja Vermelha
41.47;41.72;PRODUTOS ROCHE QUMICOS E FARMACUTICOS S.A.;1010000640142;Tarja Vermelha
82.93;83.43;PRODUTOS ROCHE QUMICOS E FARMACUTICOS S.A.;1010000640150;Tarja Vermelha
84.42;84.93;PRODUTOS ROCHE QUMICOS E FARMACUTICOS S.A.;1010000640177;Tarja Vermelha
19.83;19.95;PRODUTOS ROCHE QUMICOS E FARMACUTICOS S.A.;1010000720034;Tarja Preta
14.6;14.69;PRODUTOS ROCHE QUMICOS E FARMACUTICOS S.A.;1010000720138;Tarja Preta
8.35;8.4;PRODUTOS ROCHE QUMICOS E FARMACUTICOS S.A.;1010000720146;Tarja Preta
12.57;12.64;PRODUTOS ROCHE QUMICOS E FARMACUTICOS S.A.;1010000720162;Tarja Preta
22.05;22.18;PRODUTOS ROCHE QUMICOS E FARMACUTICOS S.A.;1010000720170;Tarja Preta
6.35;6.39;PRODUTOS ROCHE QUMICOS E FARMACUTICOS S.A.;1010000720197;Tarja Preta
12.55;12.63;PRODUTOS ROCHE QUMICOS E FARMACUTICOS S.A.;1010000750053;Tarja Preta (**)
18.84;18.96;PRODUTOS ROCHE QUMICOS E FARMACUTICOS S.A.;1010000750071;Tarja Preta (**)
11.17;11.24;PRODUTOS ROCHE QUMICOS E FARMACUTICOS S.A.;1010000910039;Tarja Preta (**)
16.86;16.96;PRODUTOS ROCHE QUMICOS E FARMACUTICOS S.A.;1010000910042;Tarja Preta
22.48;22.62;PRODUTOS ROCHE QUMICOS E FARMACUTICOS S.A.;1010000910050;Tarja Preta
14.96;15.05;PRODUTOS ROCHE QUMICOS E FARMACUTICOS S.A.;1010000910217;Tarja Preta (**)
95.71;96.29;PRODUTOS ROCHE QUMICOS E FARMACUTICOS S.A.;1010001320427;Tarja Vermelha sob restrio
163.94;164.93;PRODUTOS ROCHE QUMICOS E FARMACUTICOS S.A.;1010001320435;Tarja Vermelha sob restrio
50.06;50.36;PRODUTOS ROCHE QUMICOS E FARMACUTICOS S.A.;1010001320443;Tarja Vermelha sob restrio
75.48;75.94;PRODUTOS ROCHE QUMICOS E FARMACUTICOS S.A.;1010001320461;Tarja Vermelha sob restrio
92.89;93.45;PRODUTOS ROCHE QUMICOS E FARMACUTICOS S.A.;1010001350029;Tarja Preta (**)
43.27;43.53;PRODUTOS ROCHE QUMICOS E FARMACUTICOS S.A.;1010001350083;Tarja Preta (**)
218.72;220.05;PRODUTOS ROCHE QUMICOS E FARMACUTICOS S.A.;1010001350091;Tarja Preta (**)
0;0;PRODUTOS ROCHE QUMICOS E FARMACUTICOS S.A.;1010001460016;Tarja Vermelha
0;0;PRODUTOS ROCHE QUMICOS E FARMACUTICOS S.A.;1010001460024;Tarja Vermelha (**)
0;0;PRODUTOS ROCHE QUMICOS E FARMACUTICOS S.A.;1010001460032;Tarja Vermelha (**)
1193.37;1200.61;PRODUTOS ROCHE QUMICOS E FARMACUTICOS S.A.;1010001480015;Tarja Vermelha sob restrio
60.05;60.41;PRODUTOS ROCHE QUMICOS E FARMACUTICOS S.A.;1010001810084;Tarja Vermelha (**)
122.82;123.56;PRODUTOS ROCHE QUMICOS E FARMACUTICOS S.A.;1010001810106;Tarja Vermelha (**)
207.52;208.78;PRODUTOS ROCHE QUMICOS E FARMACUTICOS S.A.;1010001810122;Tarja Vermelha (**)
290.18;291.94;PRODUTOS ROCHE QUMICOS E FARMACUTICOS S.A.;1010001820049;Tarja Vermelha sob restrio
1456.6;1465.43;PRODUTOS ROCHE QUMICOS E FARMACUTICOS S.A.;1010005320014;Tarja Vermelha (**)
153.89;154.82;PRODUTOS ROCHE QUMICOS E FARMACUTICOS S.A.;1010005370054;Tarja Vermelha (**)
1042.89;1049.21;PRODUTOS ROCHE QUMICOS E FARMACUTICOS S.A.;1010005390020;Tarja Vermelha
0;0;PRODUTOS ROCHE QUMICOS E FARMACUTICOS S.A.;1010005480011;Tarja Vermelha (**)
0;0;PRODUTOS ROCHE QUMICOS E FARMACUTICOS S.A.;1010005480038;Tarja Vermelha (**)
0;0;PRODUTOS ROCHE QUMICOS E FARMACUTICOS S.A.;1010005480046;Tarja Vermelha
521.84;525.01;PRODUTOS ROCHE QUMICOS E FARMACUTICOS S.A.;1010005490033;Tarja Vermelha
3326.69;3346.85;PRODUTOS ROCHE QUMICOS E FARMACUTICOS S.A.;1010005490041;Tarja Vermelha
14888.7;14979;PRODUTOS ROCHE QUMICOS E FARMACUTICOS S.A.;1010005520013;Tarja Vermelha (**)
5075.7;5106.46;PRODUTOS ROCHE QUMICOS E FARMACUTICOS S.A.;1010005520048;Tarja Vermelha (**)
12654;12730.7;PRODUTOS ROCHE QUMICOS E FARMACUTICOS S.A.;1010005520056;Tarja Vermelha (**)
245.23;246.72;PRODUTOS ROCHE QUMICOS E FARMACUTICOS S.A.;1010005550011;Tarja Vermelha
98.1;98.69;PRODUTOS ROCHE QUMICOS E FARMACUTICOS S.A.;1010005550036;Tarja Vermelha
147.13;148.02;PRODUTOS ROCHE QUMICOS E FARMACUTICOS S.A.;1010005550044;Tarja Vermelha
2466.05;2480.99;PRODUTOS ROCHE QUMICOS E FARMACUTICOS S.A.;1010005590178;Tarja Vermelha (**)
6.95;6.99;PRODUTOS ROCHE QUMICOS E FARMACUTICOS S.A.;1010005620018;Tarja Vermelha (**)
0;0;PRODUTOS ROCHE QUMICOS E FARMACUTICOS S.A.;1010005650049;Tarja Vermelha (**)
13188;13267.9;PRODUTOS ROCHE QUMICOS E FARMACUTICOS S.A.;1010005930017;Tarja Vermelha
7119.03;7162.18;PRODUTOS ROCHE QUMICOS E FARMACUTICOS S.A.;1010006170024;Tarja Vermelha
2058.65;2071.13;PRODUTOS ROCHE QUMICOS E FARMACUTICOS S.A.;1010006370015;Tarja Vermelha
7970.9;8019.21;PRODUTOS ROCHE QUMICOS E FARMACUTICOS S.A.;1010006370023;Tarja Vermelha
56.41;56.75;PRODUTOS ROCHE QUMICOS E FARMACUTICOS S.A.;1010006430050;Tarja Vermelha
62.8;63.18;PRODUTOS ROCHE QUMICOS E FARMACUTICOS S.A.;1010006430093;Tarja Vermelha
70.42;70.85;PRODUTOS ROCHE QUMICOS E FARMACUTICOS S.A.;1010006430131;Tarja Vermelha
0;0;PRODUTOS ROCHE QUMICOS E FARMACUTICOS S.A.;1010006510011;Tarja Vermelha (**)
0;0;PRODUTOS ROCHE QUMICOS E FARMACUTICOS S.A.;1010006510021;Tarja Vermelha (**)
0;0;PRODUTOS ROCHE QUMICOS E FARMACUTICOS S.A.;1010006510038;Tarja Vermelha (**)
793.36;798.17;PRODUTOS ROCHE QUMICOS E FARMACUTICOS S.A.;1010006550013;Tarja Vermelha (**)
1983.43;1995.45;PRODUTOS ROCHE QUMICOS E FARMACUTICOS S.A.;1010006550031;Tarja Vermelha (**)
3966.88;3990.92;PRODUTOS ROCHE QUMICOS E FARMACUTICOS S.A.;1010006550056;- (*) 
15867.6;15963.8;PRODUTOS ROCHE QUMICOS E FARMACUTICOS S.A.;1010006550064;- (*) 
5330.73;5363.04;PRODUTOS ROCHE QUMICOS E FARMACUTICOS S.A.;1010006550080;Tarja Vermelha sob restrio
8758.05;10130.9;PRODUTOS ROCHE QUMICOS E FARMACUTICOS S.A.;1010006560019;Tarja Vermelha (**)
13354.3;13435.2;PRODUTOS ROCHE QUMICOS E FARMACUTICOS S.A.;1010006570014;Tarja Vermelha (**)
26321.7;30447.8;PRODUTOS ROCHE QUMICOS E FARMACUTICOS S.A.;1010006580011;Tarja Vermelha (**)
7304.03;8448.99;PRODUTOS ROCHE QUMICOS E FARMACUTICOS S.A.;1010006590015;Tarja Vermelha (**)
11686.5;13518.4;PRODUTOS ROCHE QUMICOS E FARMACUTICOS S.A.;1010006590023;Tarja Vermelha (**)
21700.5;25102.2;PRODUTOS ROCHE QUMICOS E FARMACUTICOS S.A.;1010006600010;Tarja Vermelha (**)
18234.9;21093.3;PRODUTOS ROCHE QUMICOS E FARMACUTICOS S.A.;1010006620011;Tarja Vermelha
12354.3;12429.2;PRODUTOS ROCHE QUMICOS E FARMACUTICOS S.A.;1010006630017;Tarja Vermelha
24697.3;28568.7;PRODUTOS ROCHE QUMICOS E FARMACUTICOS S.A.;1010006640012;Tarja Vermelha (**)
26679.3;30861.4;PRODUTOS ROCHE QUMICOS E FARMACUTICOS S.A.;1010006650018;Tarja Vermelha
18675.5;21603;PRODUTOS ROCHE QUMICOS E FARMACUTICOS S.A.;1010006650026;Tarja Vermelha
33123.9;38316.3;PRODUTOS ROCHE QUMICOS E FARMACUTICOS S.A.;1010006660013;Tarja Vermelha
13638.6;15776.5;PRODUTOS ROCHE QUMICOS E FARMACUTICOS S.A.;1010006670019;Tarja Vermelha
27277.2;31553.1;PRODUTOS ROCHE QUMICOS E FARMACUTICOS S.A.;1010006670027;Tarja Vermelha
47735.2;55218;PRODUTOS ROCHE QUMICOS E FARMACUTICOS S.A.;1010006670035;Tarja Vermelha
68193.1;78882.8;PRODUTOS ROCHE QUMICOS E FARMACUTICOS S.A.;1010006670043;Tarja Vermelha
27262;31535.5;PRODUTOS ROCHE QUMICOS E FARMACUTICOS S.A.;1010006680014;Tarja Vermelha
53587.1;61987.2;PRODUTOS ROCHE QUMICOS E FARMACUTICOS S.A.;1010006700015;Tarja Vermelha
39362.6;45532.9;PRODUTOS ROCHE QUMICOS E FARMACUTICOS S.A.;1010006720016;Tarja Vermelha
26008.3;30085.3;PRODUTOS ROCHE QUMICOS E FARMACUTICOS S.A.;1010006720024;Tarja Vermelha
58.33;58.68;GLAXOSMITHKLINE BRASIL LTDA;1010700030371;Tarja Vermelha sob restrio
76.52;76.98;GLAXOSMITHKLINE BRASIL LTDA;1010700030665;Tarja Vermelha sob restrio
100.13;100.74;GLAXOSMITHKLINE BRASIL LTDA;1010700030673;Tarja Vermelha sob restrio
48.41;48.7;GLAXOSMITHKLINE BRASIL LTDA;1010700030703;Tarja Vermelha sob restrio
68.12;68.53;GLAXOSMITHKLINE BRASIL LTDA;1010700030711;Tarja Vermelha sob restrio
